"","away_team","home_team","date","result","min","H_pts","H_reb","H_ast","H_stl","H_blk","H_to","H_pf","H_dreb","H_oreb","H_fgpct","H_3pct","H_ftpct","H_eff","A_pts","A_reb","A_ast","A_stl","A_blk","A_to","A_pf","A_dreb","A_oreb","A_fgpct","A_3pct","A_ftpct","A_eff","H_FGM","H_FGA","A_FGM","A_FGA","H_3M","H_3A","A_3M","A_3A","H_FTM","H_FTA","A_FTM","A_FTA","reg_season","pre_allstar","away_team_idx","home_team_idx","team_abbv","away_team_idx"
"1","Dallas","Denver","2016-03-28","L",48,88,44,20,3,4,21,20,38,6,0.443,0.375,0.895,97,97,34,23,14,6,3,20,25,9,0.409,0.344,0.933,118,31,70,36,88,9,24,11,32,17,19,14,15,TRUE,FALSE,1,2,"DEN",1
"2","Dallas","Denver","2016-03-06","W",53,116,58,25,8,5,11,25,41,17,0.411,0.346,0.76,132,114,46,29,5,8,12,19,38,8,0.441,0.39,0.8,134,44,107,41,93,9,26,16,41,19,25,16,20,TRUE,FALSE,1,2,"DEN",1
"3","Dallas","Golden State","2016-03-25","W",48,128,40,30,8,10,7,16,33,7,0.489,0.467,0.913,162,120,51,31,3,6,11,19,36,15,0.448,0.514,0.762,142,43,88,43,96,21,45,18,35,21,23,16,21,TRUE,FALSE,1,3,"GSW",1
"4","Dallas","Golden State","2016-01-27","W",48,127,40,33,5,4,9,18,33,7,0.58,0.483,0.905,164,107,34,20,4,0,10,21,26,8,0.506,0.355,0.667,108,47,81,44,87,14,29,11,31,19,21,8,12,TRUE,TRUE,1,3,"GSW",1
"5","Dallas","Houston","2016-01-24","W",48,115,40,27,9,7,7,21,31,9,0.483,0.341,0.667,138,104,36,17,4,4,14,20,28,8,0.456,0.5,0.773,103,43,89,36,79,15,44,15,30,14,21,17,22,TRUE,TRUE,1,4,"HOU",1
"6","Dallas","Houston","2015-11-14","L",48,98,43,22,9,5,12,23,31,12,0.381,0.265,0.781,106,110,46,24,6,7,11,21,37,9,0.478,0.286,0.762,130,32,84,43,90,9,34,8,28,25,32,16,21,TRUE,TRUE,1,4,"HOU",1
"7","Dallas","L.A. Clippers","2016-04-10","W",48,98,42,25,11,6,10,20,36,6,0.487,0.5,0.405,111,91,47,18,6,5,14,29,42,5,0.405,0.267,0.697,99,37,76,30,74,9,18,8,30,15,37,23,33,TRUE,FALSE,1,5,"LAC",1
"8","Dallas","L.A. Clippers","2015-10-29","W",48,104,53,21,6,8,8,17,45,8,0.437,0.258,0.606,122,88,55,22,4,2,12,26,41,14,0.361,0.2,0.8,94,38,87,35,97,8,31,6,30,20,33,12,15,TRUE,TRUE,1,5,"LAC",1
"9","Dallas","L.A. Lakers","2016-01-26","L",48,90,47,15,4,7,12,25,39,8,0.405,0.28,0.821,102,92,35,21,5,1,6,20,30,5,0.434,0.24,0.769,99,30,74,33,76,7,25,6,25,23,28,20,26,TRUE,TRUE,1,6,"LAL",1
"10","Dallas","L.A. Lakers","2015-11-01","L",48,93,42,18,8,9,12,20,34,8,0.365,0.294,0.75,97,103,49,28,5,4,11,22,41,8,0.46,0.367,0.75,127,31,85,40,87,10,34,11,30,21,28,12,16,TRUE,TRUE,1,6,"LAL",1
"11","Dallas","Memphis","2016-02-06","L",53,110,51,27,3,4,11,24,44,7,0.5,0.391,0.565,130,114,42,26,6,1,5,21,33,9,0.432,0.395,0.697,124,44,88,38,88,9,23,15,38,13,23,23,33,TRUE,TRUE,1,7,"MEM",1
"12","Dallas","Memphis","2015-11-24","W",48,110,42,20,12,4,9,24,37,5,0.43,0.333,0.784,122,96,48,22,4,6,19,25,44,4,0.39,0.324,0.893,107,37,86,30,77,7,21,11,34,29,37,25,28,TRUE,TRUE,1,7,"MEM",1
"13","Dallas","Minnesota","2016-04-03","L",48,78,41,20,8,4,16,18,35,6,0.408,0.19,0.889,91,88,44,19,6,4,10,17,29,15,0.386,0.35,0.588,93,29,71,32,83,4,21,14,40,16,18,10,17,TRUE,FALSE,1,8,"MIN",1
"14","Dallas","Minnesota","2016-01-10","L",48,87,38,23,8,2,16,25,27,11,0.418,0.25,0.773,91,93,39,20,7,3,13,19,28,11,0.468,0.3,0.714,102,33,79,36,77,4,16,6,20,17,22,15,21,TRUE,TRUE,1,8,"MIN",1
"15","Dallas","New Orleans","2016-01-06","L",48,91,51,22,7,5,10,18,36,15,0.37,0.233,0.8,104,100,52,22,7,6,10,18,41,11,0.425,0.25,0.864,124,34,92,37,87,7,30,7,28,16,20,19,22,TRUE,TRUE,1,9,"NOP",1
"16","Dallas","New Orleans","2015-11-10","W",48,120,48,25,9,5,11,27,39,9,0.5,0.424,0.778,146,105,44,20,4,4,13,17,36,8,0.443,0.25,0.846,111,46,92,39,88,14,33,5,20,14,18,22,26,TRUE,TRUE,1,9,"NOP",1
"17","Dallas","Oklahoma City","2016-01-13","W",48,108,54,24,11,5,18,26,41,13,0.463,0.455,0.586,128,89,41,18,7,3,16,20,33,8,0.39,0.194,0.76,86,38,82,32,82,15,33,6,31,17,29,19,25,TRUE,TRUE,1,10,"OKC",1
"18","Dallas","Oklahoma City","2015-11-22","W",48,117,41,25,8,6,16,23,27,14,0.522,0.409,0.778,134,114,36,26,8,4,17,17,27,9,0.53,0.526,0.571,120,47,90,44,83,9,22,10,19,14,18,16,28,TRUE,TRUE,1,10,"OKC",1
"19","Dallas","Phoenix","2015-10-28","L",48,95,53,15,3,3,18,30,40,13,0.391,0.25,0.636,86,111,48,24,7,3,8,25,42,6,0.471,0.476,0.677,130,34,87,40,85,6,24,10,21,21,33,21,31,TRUE,TRUE,1,11,"PHX",1
"20","Dallas","Portland","2016-03-23","W",48,109,45,19,12,8,13,12,34,11,0.449,0.259,0.88,128,103,48,21,8,4,17,17,36,12,0.438,0.3,0.909,112,40,89,42,96,7,27,9,30,22,25,10,11,TRUE,FALSE,1,12,"POR",1
"21","Dallas","Portland","2015-12-01","L",53,112,50,24,6,1,15,23,37,13,0.41,0.375,0.882,117,115,49,23,7,5,12,17,37,12,0.457,0.31,0.833,132,41,100,43,94,15,40,9,29,15,17,20,24,TRUE,TRUE,1,12,"POR",1
"22","Dallas","Sacramento","2016-03-27","W",48,133,41,32,11,3,11,18,35,6,0.622,0.45,0.733,170,111,41,22,6,2,13,24,29,12,0.477,0.333,0.792,118,51,82,42,88,9,20,8,24,22,30,19,24,TRUE,FALSE,1,13,"SAC",1
"23","Dallas","Sacramento","2015-11-30","W",48,112,42,22,1,1,11,18,33,9,0.456,0.29,0.705,111,98,40,22,8,3,16,30,31,9,0.429,0.243,0.773,102,36,79,36,84,9,31,9,37,31,44,17,22,TRUE,TRUE,1,13,"SAC",1
"24","Dallas","San Antonio","2016-01-17","W",48,112,51,22,7,5,7,21,45,6,0.467,0.25,0.821,137,83,45,20,4,6,13,23,40,5,0.358,0.261,0.76,87,42,90,29,81,5,20,6,23,23,28,19,25,TRUE,TRUE,1,14,"SAS",1
"25","Dallas","San Antonio","2015-11-25","W",48,88,52,23,6,4,13,12,40,12,0.407,0.286,0.737,107,83,46,21,7,1,13,21,37,9,0.41,0.273,0.75,93,33,81,34,83,8,28,6,22,14,19,9,12,TRUE,TRUE,1,14,"SAS",1
"26","Dallas","Utah","2016-04-11","L",48,92,38,21,5,3,10,16,32,6,0.455,0.273,0.722,102,101,47,19,7,2,9,15,37,10,0.444,0.344,0.818,118,35,77,36,81,9,33,11,32,13,18,18,22,TRUE,FALSE,1,15,"UTA",1
"27","Denver","Dallas","2016-02-26","W",53,122,45,25,9,1,14,25,35,10,0.511,0.379,0.778,139,116,49,18,7,3,15,26,31,18,0.462,0.31,0.677,118,45,88,43,93,11,29,9,29,21,27,21,31,TRUE,FALSE,2,1,"DAL",2
"28","Denver","Dallas","2015-11-28","W",48,92,42,18,13,3,13,14,32,10,0.429,0.269,0.704,103,81,45,17,9,5,20,22,35,10,0.4,0.32,0.765,88,33,77,30,75,7,26,8,25,19,27,13,17,TRUE,TRUE,2,1,"DAL",2
"29","Denver","Golden State","2016-01-02","W",53,111,47,34,9,5,13,22,38,9,0.5,0.357,0.652,142,108,52,27,7,0,13,23,28,24,0.419,0.167,0.652,112,43,86,44,105,10,28,5,30,15,23,15,23,TRUE,TRUE,2,3,"GSW",2
"30","Denver","Golden State","2015-11-06","W",48,119,53,40,10,6,20,22,40,13,0.495,0.459,0.556,153,104,43,23,13,5,19,20,34,9,0.429,0.333,0.818,113,46,93,39,91,17,37,8,24,10,18,18,22,TRUE,TRUE,2,3,"GSW",2
"31","Denver","Houston","2015-10-28","L",48,85,44,17,13,8,16,19,29,15,0.345,0.229,0.654,85,105,49,26,9,10,21,26,40,9,0.506,0.481,0.667,133,30,87,40,79,8,35,13,27,17,26,12,18,TRUE,TRUE,2,4,"HOU",2
"32","Denver","L.A. Clippers","2016-03-27","W",48,105,44,24,13,11,14,19,27,17,0.475,0.357,0.731,134,90,44,24,7,5,15,19,24,20,0.394,0.241,0.692,94,38,80,37,94,10,28,7,29,19,26,9,13,TRUE,FALSE,2,5,"LAC",2
"33","Denver","L.A. Clippers","2016-02-24","L",48,81,47,19,13,9,17,20,38,9,0.353,0.283,0.571,91,87,57,18,11,2,16,14,43,14,0.378,0.25,0.765,99,30,85,34,90,13,46,6,24,8,14,13,17,TRUE,FALSE,2,5,"LAC",2
"34","Denver","L.A. Lakers","2016-03-25","L",48,105,43,23,6,3,11,19,36,7,0.435,0.435,0.808,116,116,48,31,5,7,9,22,35,13,0.479,0.385,0.667,141,37,85,45,94,10,23,10,26,21,26,16,24,TRUE,FALSE,2,6,"LAL",2
"35","Denver","L.A. Lakers","2015-11-03","L",48,109,41,18,9,4,10,28,29,12,0.414,0.231,0.816,113,120,49,30,5,7,14,23,38,11,0.506,0.35,0.871,151,36,87,43,85,6,26,7,20,31,38,27,31,TRUE,TRUE,2,6,"LAL",2
"36","Denver","Memphis","2016-03-30","L",48,105,46,18,5,4,10,19,26,20,0.432,0.316,0.63,104,109,42,24,4,7,14,29,31,11,0.487,0.448,0.833,128,41,95,38,78,6,19,13,29,17,27,20,24,TRUE,FALSE,2,7,"MEM",2
"37","Denver","Memphis","2016-01-08","W",48,91,43,14,10,6,7,19,32,11,0.366,0.444,0.767,98,84,59,19,2,4,17,24,40,19,0.368,0.211,0.842,93,30,82,32,87,8,18,4,19,23,30,16,19,TRUE,TRUE,2,7,"MEM",2
"38","Denver","Minnesota","2016-01-06","L",48,74,40,23,5,5,9,19,32,8,0.384,0.273,0.75,88,78,46,21,3,7,11,19,33,13,0.358,0.4,0.706,87,28,73,29,81,3,11,8,20,15,20,12,17,TRUE,TRUE,2,8,"MIN",2
"39","Denver","Minnesota","2015-12-15","L",48,100,31,21,6,6,9,24,21,10,0.468,0.4,0.774,107,112,39,24,9,6,14,26,29,10,0.562,0.556,0.741,137,36,77,41,73,4,10,10,18,24,31,20,27,TRUE,TRUE,2,8,"MIN",2
"40","Denver","New Orleans","2016-03-31","W",48,101,51,29,7,4,16,16,37,14,0.444,0.448,0.889,125,95,40,28,10,7,13,15,32,8,0.434,0.37,0.765,116,40,90,36,83,13,29,10,27,8,9,13,17,TRUE,FALSE,2,9,"NOP",2
"41","Denver","New Orleans","2015-11-17","L",48,98,33,25,4,8,9,17,25,8,0.494,0.304,0.818,115,115,43,27,5,6,13,15,32,11,0.529,0.5,0.769,140,41,83,45,85,7,23,15,30,9,11,10,13,TRUE,TRUE,2,9,"NOP",2
"42","Denver","Oklahoma City","2015-12-27","W",48,122,43,27,5,5,14,17,30,13,0.578,0.533,0.857,150,112,37,24,6,2,10,18,20,17,0.489,0.36,0.733,119,48,83,46,94,8,15,9,25,18,21,11,15,TRUE,TRUE,2,10,"OKC",2
"43","Denver","Oklahoma City","2015-11-01","W",48,117,50,32,9,10,19,23,37,13,0.523,0.52,0.778,154,93,35,20,8,3,13,17,21,14,0.38,0.346,0.737,84,45,86,35,92,13,25,9,26,14,18,14,19,TRUE,TRUE,2,10,"OKC",2
"44","Denver","Phoenix","2015-12-23","L",48,96,46,21,9,2,16,19,34,12,0.414,0.52,0.647,101,104,50,26,6,7,17,20,37,13,0.462,0.4,0.462,120,36,87,42,91,13,25,14,35,11,17,6,13,TRUE,TRUE,2,11,"PHX",2
"45","Denver","Phoenix","2015-11-14","W",48,105,57,19,4,1,20,13,47,10,0.44,0.458,0.769,113,81,42,13,8,6,10,20,33,9,0.347,0.171,0.875,75,37,84,34,98,11,24,6,35,20,26,7,8,TRUE,TRUE,2,11,"PHX",2
"46","Denver","Portland","2016-04-13","W",48,107,45,19,11,8,15,19,32,13,0.438,0.306,0.818,121,99,53,24,10,6,20,19,33,20,0.426,0.28,0.667,112,39,89,40,94,11,36,7,25,18,22,12,18,TRUE,FALSE,2,12,"POR",2
"47","Denver","Portland","2015-12-30","W",48,110,47,22,8,6,14,18,35,12,0.471,0.375,0.8,129,103,44,20,9,5,14,16,32,12,0.425,0.444,0.895,115,41,87,37,87,12,32,12,27,16,20,17,19,TRUE,TRUE,2,12,"POR",2
"48","Denver","Sacramento","2016-02-19","W",48,116,45,16,12,8,22,24,38,7,0.494,0.476,0.774,126,110,44,26,12,5,18,26,35,9,0.467,0.32,0.692,123,41,83,42,90,10,21,8,25,24,31,18,26,TRUE,FALSE,2,13,"SAC",2
"49","Denver","San Antonio","2015-12-26","W",48,101,41,21,11,12,11,10,31,10,0.481,0.7,0.941,132,86,36,25,6,3,15,16,28,8,0.442,0.278,0.833,92,39,81,38,86,7,10,5,18,16,17,5,6,TRUE,TRUE,2,14,"SAS",2
"50","Denver","San Antonio","2015-11-18","W",48,109,50,33,5,13,10,13,40,10,0.488,0.5,0.8,152,98,50,25,7,5,6,17,33,17,0.388,0.333,0.944,118,42,86,38,98,9,18,5,15,16,20,17,18,TRUE,TRUE,2,14,"SAS",2
"51","Denver","Utah","2016-02-03","W",48,85,38,14,4,10,14,19,30,8,0.446,0.227,0.7,90,81,41,11,12,2,14,19,32,9,0.371,0.222,0.758,81,33,74,26,70,5,22,4,18,14,20,25,33,TRUE,TRUE,2,15,"UTA",2
"52","Denver","Utah","2015-12-18","W",48,97,39,15,8,1,14,19,34,5,0.466,0.4,0.76,101,88,44,15,10,4,14,20,29,15,0.392,0.214,0.8,94,34,73,31,79,10,25,6,28,19,25,20,25,TRUE,TRUE,2,15,"UTA",2
"53","Golden State","Dallas","2016-03-18","L",48,112,46,25,4,8,12,15,35,11,0.441,0.31,0.955,130,130,42,35,8,7,12,21,37,5,0.505,0.579,0.857,161,41,93,48,95,9,29,22,38,21,22,12,14,TRUE,FALSE,3,1,"DAL",3
"54","Golden State","Dallas","2015-12-30","W",48,114,52,20,6,4,15,19,40,12,0.512,0.519,0.8,137,91,37,20,9,0,12,18,29,8,0.407,0.368,0.75,91,42,82,33,81,14,27,7,19,16,20,18,24,TRUE,TRUE,3,1,"DAL",3
"55","Golden State","Denver","2016-01-13","W",48,112,49,22,7,3,13,18,36,13,0.425,0.227,0.892,126,110,39,25,9,11,13,25,32,7,0.477,0.385,0.8,131,37,87,42,88,5,22,10,26,33,37,16,20,TRUE,TRUE,3,2,"DEN",3
"56","Golden State","Denver","2015-11-22","L",48,105,41,23,9,3,19,15,28,13,0.43,0.267,0.771,105,118,46,35,15,8,21,25,35,11,0.528,0.517,0.692,155,37,86,47,89,4,15,15,29,27,35,9,13,TRUE,TRUE,3,2,"DEN",3
"57","Golden State","Houston","2015-12-31","L",48,110,33,21,13,5,15,22,29,4,0.462,0.4,0.897,122,114,43,35,8,5,18,20,31,12,0.512,0.478,0.63,136,36,78,43,84,12,30,11,23,26,29,17,27,TRUE,TRUE,3,4,"HOU",3
"58","Golden State","Houston","2015-10-30","L",48,92,49,19,3,9,16,20,37,12,0.366,0.217,0.75,95,112,47,26,9,4,8,24,36,11,0.462,0.346,0.68,132,30,82,43,93,5,23,9,26,27,36,17,25,TRUE,TRUE,3,4,"HOU",3
"59","Golden State","L.A. Clippers","2016-02-20","L",48,112,49,24,9,2,14,24,34,15,0.447,0.361,0.833,127,115,39,32,8,2,14,19,33,6,0.512,0.355,0.769,136,42,94,42,82,13,36,11,31,15,18,20,26,TRUE,FALSE,3,5,"LAC",3
"60","Golden State","L.A. Clippers","2015-11-19","L",48,117,35,21,11,2,10,25,26,9,0.5,0.448,0.667,124,124,44,31,4,4,19,20,36,8,0.521,0.567,0.861,148,44,88,38,73,13,29,17,30,16,24,31,36,TRUE,TRUE,3,5,"LAC",3
"61","Golden State","L.A. Lakers","2016-03-06","W",48,112,41,23,12,6,11,24,32,9,0.471,0.375,0.955,136,95,49,32,5,3,20,20,32,17,0.402,0.133,0.81,105,41,87,37,92,9,24,4,30,21,22,17,21,TRUE,FALSE,3,6,"LAL",3
"62","Golden State","L.A. Lakers","2016-01-05","L",48,88,52,15,7,4,12,16,37,15,0.319,0.238,0.833,87,109,54,26,9,9,10,17,44,10,0.465,0.433,0.762,146,29,91,40,86,5,21,13,30,25,30,16,21,TRUE,TRUE,3,6,"LAL",3
"63","Golden State","Memphis","2016-04-09","L",48,99,54,19,8,4,6,16,37,17,0.385,0.333,0.9,117,100,48,20,3,7,11,14,41,7,0.448,0.278,0.923,118,37,96,39,87,7,21,10,36,18,20,12,13,TRUE,FALSE,3,7,"MEM",3
"64","Golden State","Memphis","2015-11-11","L",48,84,41,15,14,5,21,26,31,10,0.343,0.2,0.917,89,100,36,22,12,8,23,30,29,7,0.48,0.407,0.739,110,24,70,36,75,3,15,11,27,33,36,17,23,TRUE,TRUE,3,7,"MEM",3
"65","Golden State","Minnesota","2016-03-21","L",48,104,37,26,8,5,15,20,27,10,0.439,0.368,0.833,114,109,44,31,13,10,16,20,31,13,0.494,0.333,0.625,138,36,82,43,87,7,19,8,24,25,30,15,24,TRUE,FALSE,3,8,"MIN",3
"66","Golden State","Minnesota","2015-11-12","L",48,116,47,21,4,1,13,18,32,15,0.494,0.333,0.75,123,129,33,34,8,7,11,25,27,6,0.539,0.474,0.938,158,43,87,48,89,3,9,18,38,27,36,15,16,TRUE,TRUE,3,8,"MIN",3
"67","Golden State","New Orleans","2015-10-31","L",48,120,48,22,4,4,15,23,32,16,0.46,0.364,0.87,126,134,38,26,10,4,10,24,35,3,0.548,0.567,0.714,154,46,100,46,84,8,22,17,30,20,23,25,35,TRUE,TRUE,3,9,"NOP",3
"68","Golden State","Oklahoma City","2016-02-27","L",53,118,62,23,6,4,22,21,46,16,0.479,0.346,0.654,132,121,32,25,15,7,11,22,28,4,0.474,0.438,0.68,131,46,96,45,95,9,26,14,32,17,26,17,25,TRUE,FALSE,3,10,"OKC",3
"69","Golden State","Phoenix","2016-02-10","L",48,104,50,21,7,6,18,23,40,10,0.441,0.286,0.727,112,112,50,24,12,7,13,22,42,8,0.416,0.35,0.828,135,41,93,37,89,6,21,14,40,16,22,24,29,TRUE,TRUE,3,11,"PHX",3
"70","Golden State","Phoenix","2015-11-27","L",48,116,30,21,13,2,14,26,23,7,0.489,0.385,0.696,114,135,53,32,7,9,23,26,42,11,0.568,0.579,0.677,168,45,92,46,81,10,26,22,38,16,23,21,31,TRUE,TRUE,3,11,"PHX",3
"71","Golden State","Portland","2016-02-19","W",48,137,48,28,12,4,13,21,40,8,0.536,0.567,0.696,164,105,47,25,7,4,20,17,33,14,0.391,0.353,0.75,105,52,97,36,92,17,30,12,34,16,23,21,28,TRUE,FALSE,3,12,"POR",3
"72","Golden State","Portland","2016-01-08","L",48,108,45,21,12,4,9,17,33,12,0.396,0.364,0.714,115,128,48,36,6,5,15,20,43,5,0.529,0.562,0.857,164,38,96,46,87,12,33,18,32,20,28,18,21,TRUE,TRUE,3,12,"POR",3
"73","Golden State","Sacramento","2016-01-09","L",48,116,34,27,8,3,10,22,27,7,0.467,0.348,0.759,122,128,48,35,5,8,18,25,39,9,0.563,0.514,0.733,164,43,92,49,87,8,23,19,37,22,29,11,15,TRUE,TRUE,3,13,"SAC",3
"74","Golden State","Sacramento","2015-11-07","L",48,94,45,26,9,3,21,19,32,13,0.437,0.316,0.75,103,103,46,27,13,2,18,15,31,15,0.413,0.205,0.864,116,38,87,38,92,6,19,8,39,12,16,19,22,TRUE,TRUE,3,13,"SAC",3
"75","Golden State","San Antonio","2016-04-10","L",48,86,53,21,10,5,11,18,35,18,0.378,0.176,0.789,104,92,46,19,7,6,13,18,39,7,0.442,0.37,0.778,110,34,90,34,77,3,17,10,27,15,19,14,18,TRUE,FALSE,3,14,"SAS",3
"76","Golden State","San Antonio","2016-03-19","W",48,87,53,17,4,6,17,19,39,14,0.41,0.381,0.833,101,79,37,24,12,3,10,21,30,7,0.378,0.25,0.8,92,32,78,31,82,8,21,9,36,15,18,8,10,TRUE,FALSE,3,14,"SAS",3
"77","Golden State","Utah","2016-03-30","L",53,96,54,14,11,2,15,23,38,16,0.402,0.281,0.448,91,103,46,19,6,6,18,21,37,9,0.438,0.343,0.722,107,37,92,39,89,9,32,12,35,13,29,13,18,TRUE,FALSE,3,15,"UTA",3
"78","Golden State","Utah","2015-11-30","L",48,103,35,18,9,2,8,16,25,10,0.449,0.316,0.773,105,106,45,21,2,5,15,19,31,14,0.488,0.483,0.8,119,40,89,40,82,6,19,14,29,17,22,12,15,TRUE,TRUE,3,15,"UTA",3
"79","Houston","Dallas","2016-04-06","W",48,88,40,19,9,4,12,20,27,13,0.412,0.303,0.857,99,86,41,19,6,4,15,17,29,12,0.436,0.3,0.667,91,33,80,34,78,10,33,6,20,12,14,12,18,TRUE,FALSE,4,1,"DAL",4
"80","Houston","Dallas","2015-12-04","L",48,96,42,23,8,5,17,17,31,11,0.457,0.276,0.7,107,100,45,20,12,5,18,22,30,15,0.464,0.462,0.556,111,37,81,39,84,8,29,12,26,14,20,10,18,TRUE,TRUE,4,1,"DAL",4
"81","Houston","Denver","2015-12-14","W",48,114,52,26,8,5,18,15,37,15,0.512,0.32,0.88,144,108,26,26,14,1,11,22,21,5,0.471,0.45,0.727,115,42,82,41,87,8,25,18,40,22,25,8,11,TRUE,TRUE,4,2,"DEN",4
"82","Houston","Denver","2015-11-13","W",48,107,46,25,10,4,18,23,34,12,0.457,0.45,0.75,122,98,40,19,10,8,20,25,32,8,0.429,0.31,0.742,103,37,81,33,77,9,20,9,29,24,32,23,31,TRUE,TRUE,4,2,"DEN",4
"83","Houston","Golden State","2016-02-09","W",48,123,49,28,5,6,12,26,35,14,0.468,0.353,0.885,146,110,43,24,8,4,12,22,30,13,0.425,0.394,0.657,115,44,94,37,87,12,34,13,33,23,26,23,35,TRUE,TRUE,4,3,"GSW",4
"84","Houston","L.A. Clippers","2016-01-18","W",53,140,41,28,10,6,12,30,32,9,0.516,0.595,0.727,160,132,52,31,8,5,14,28,36,16,0.5,0.344,0.635,151,47,91,44,88,22,37,11,32,24,33,33,52,TRUE,TRUE,4,5,"LAC",4
"85","Houston","L.A. Clippers","2015-11-07","L",48,105,41,29,8,5,12,23,30,11,0.477,0.182,0.68,122,109,47,16,7,3,14,27,36,11,0.442,0.233,0.897,117,42,88,38,86,4,22,7,30,17,25,26,29,TRUE,TRUE,4,5,"LAC",4
"86","Houston","L.A. Lakers","2016-01-17","L",48,95,36,25,8,7,14,16,33,3,0.451,0.375,0.789,108,112,51,21,10,5,13,19,40,11,0.484,0.286,0.75,133,37,82,44,91,6,16,6,21,15,19,18,24,TRUE,TRUE,4,6,"LAL",4
"87","Houston","L.A. Lakers","2015-12-17","L",48,87,46,22,5,5,14,27,33,13,0.429,0.208,0.556,95,107,54,22,9,8,13,17,31,23,0.386,0.387,0.643,118,36,84,34,88,5,24,12,31,10,18,27,42,TRUE,TRUE,4,6,"LAL",4
"88","Houston","Memphis","2016-01-12","L",48,91,31,22,9,3,17,24,18,13,0.458,0.389,0.75,94,107,42,21,10,4,14,19,24,18,0.429,0.514,0.852,122,33,72,33,77,7,18,18,35,18,24,23,27,TRUE,TRUE,4,7,"MEM",4
"89","Houston","Memphis","2015-11-20","W",48,96,47,26,16,4,11,30,39,8,0.424,0.333,0.842,126,84,49,15,11,9,23,23,40,9,0.378,0.207,0.595,84,36,85,28,74,8,24,6,29,16,19,22,37,TRUE,TRUE,4,7,"MEM",4
"90","Houston","Minnesota","2016-04-11","L",48,105,40,25,12,3,13,20,30,10,0.458,0.238,0.727,118,129,43,28,12,5,17,23,35,8,0.558,0.5,0.692,154,38,83,48,86,5,21,15,30,24,33,18,26,TRUE,FALSE,4,8,"MIN",4
"91","Houston","New Orleans","2016-01-25","L",48,111,50,23,8,4,12,16,34,16,0.462,0.448,0.56,124,112,38,22,7,5,13,20,31,7,0.475,0.487,0.81,125,42,91,38,80,13,29,19,39,14,25,17,21,TRUE,TRUE,4,9,"NOP",4
"92","Houston","New Orleans","2015-12-26","W",48,110,40,25,5,8,15,17,32,8,0.507,0.542,0.808,131,108,35,21,8,3,10,20,25,10,0.452,0.455,0.85,116,38,75,38,84,13,24,15,33,21,26,17,20,TRUE,TRUE,4,9,"NOP",4
"93","Houston","Oklahoma City","2016-03-22","W",48,111,46,22,10,7,13,17,33,13,0.451,0.229,0.724,125,107,47,26,9,3,15,27,34,13,0.435,0.351,0.824,122,41,91,40,92,8,35,13,37,21,29,14,17,TRUE,FALSE,4,10,"OKC",4
"94","Houston","Oklahoma City","2016-01-29","W",48,116,57,23,6,7,18,29,46,11,0.477,0.421,0.867,142,108,40,23,14,7,10,21,29,11,0.379,0.231,0.628,107,41,86,36,95,8,19,9,39,26,30,27,43,TRUE,TRUE,4,10,"OKC",4
"95","Houston","Phoenix","2016-02-19","L",48,100,40,23,7,6,20,33,31,9,0.366,0.314,0.829,98,116,51,20,16,4,20,32,38,13,0.474,0.292,0.625,125,30,82,37,78,11,35,7,24,29,35,35,56,TRUE,FALSE,4,11,"PHX",4
"96","Houston","Phoenix","2016-02-04","L",48,105,54,22,9,1,24,26,36,18,0.386,0.379,0.938,114,111,49,24,16,5,16,23,31,18,0.43,0.357,0.688,130,32,83,37,86,11,29,15,42,30,32,22,32,TRUE,TRUE,4,11,"PHX",4
"97","Houston","Portland","2016-02-25","L",48,105,40,22,4,3,21,30,29,11,0.463,0.371,0.818,106,119,46,26,14,5,16,25,34,12,0.537,0.345,0.6,142,37,80,44,82,13,35,10,29,18,22,21,35,TRUE,FALSE,4,12,"POR",4
"98","Houston","Portland","2016-02-10","W",48,116,49,21,11,2,13,27,33,16,0.461,0.286,0.765,130,103,40,23,6,3,20,22,32,8,0.481,0.324,0.529,99,41,89,37,77,8,28,11,34,26,34,18,34,TRUE,TRUE,4,12,"POR",4
"99","Houston","Sacramento","2015-12-15","W",48,107,47,25,13,3,28,19,38,9,0.507,0.458,0.69,121,97,36,22,17,3,21,28,29,7,0.415,0.308,0.739,100,38,75,34,82,11,24,12,39,20,29,17,23,TRUE,TRUE,4,13,"SAC",4
"100","Houston","Sacramento","2015-11-06","L",48,110,43,26,14,3,15,19,29,14,0.43,0.321,0.724,120,116,49,23,8,4,21,26,35,14,0.488,0.417,0.778,131,40,93,40,82,9,28,15,36,21,29,21,27,TRUE,TRUE,4,13,"SAC",4
"101","Houston","San Antonio","2016-01-27","W",48,130,49,34,7,3,13,28,37,12,0.556,0.522,0.857,167,99,40,14,7,11,15,22,28,12,0.384,0.267,0.673,94,50,90,28,73,12,23,8,30,18,21,35,52,TRUE,TRUE,4,14,"SAS",4
"102","Houston","San Antonio","2016-01-02","W",48,121,39,31,9,2,11,22,31,8,0.523,0.542,0.947,149,103,37,26,7,4,15,20,29,8,0.5,0.409,0.606,112,45,86,37,74,13,24,9,22,18,19,20,33,TRUE,TRUE,4,14,"SAS",4
"103","Houston","Utah","2016-02-23","W",53,117,41,22,11,4,21,29,33,8,0.514,0.417,0.816,131,114,35,17,15,4,14,28,24,11,0.414,0.324,0.756,110,38,74,36,87,10,24,11,34,31,38,31,41,TRUE,FALSE,4,15,"UTA",4
"104","Houston","Utah","2016-01-04","L",48,91,44,17,9,4,15,20,29,15,0.4,0.414,0.76,99,93,34,17,8,2,16,16,28,6,0.485,0.423,0.762,98,30,75,33,68,12,29,11,26,19,25,16,21,TRUE,TRUE,4,15,"UTA",4
"105","L.A.Clippers","Dallas","2016-03-07","L",48,90,51,15,5,1,15,19,39,12,0.37,0.16,0.812,90,109,48,18,10,7,9,25,42,6,0.47,0.375,0.655,129,30,81,39,83,4,25,12,32,26,32,19,29,TRUE,FALSE,5,1,"DAL",5
"106","L.A.Clippers","Dallas","2015-11-11","W",48,118,44,23,8,3,13,27,36,8,0.553,0.458,0.767,142,108,41,21,4,2,10,24,28,13,0.43,0.444,0.667,106,42,76,37,86,11,24,12,27,23,30,22,33,TRUE,TRUE,5,1,"DAL",5
"107","L.A.Clippers","Denver","2015-11-24","L",48,94,48,16,3,0,16,32,40,8,0.397,0.32,0.828,93,111,43,24,10,8,7,25,32,11,0.468,0.4,0.617,129,31,78,37,79,8,25,8,20,24,29,29,47,TRUE,TRUE,5,2,"DEN",5
"108","L.A.Clippers","Golden State","2016-03-23","W",48,114,50,23,9,5,12,20,39,11,0.448,0.441,0.75,134,98,46,21,8,7,10,22,38,8,0.424,0.286,0.667,112,39,87,36,85,15,34,8,28,21,28,18,27,TRUE,FALSE,5,3,"GSW",5
"109","L.A.Clippers","Golden State","2015-11-04","W",48,112,42,28,4,5,12,22,33,9,0.459,0.385,0.774,126,108,41,24,6,4,11,26,31,10,0.489,0.364,0.636,119,39,85,43,88,10,26,8,22,24,31,14,22,TRUE,TRUE,5,3,"GSW",5
"110","L.A.Clippers","Houston","2016-03-16","L",48,106,39,23,5,3,15,25,26,13,0.488,0.36,0.708,112,122,33,31,9,7,10,20,26,7,0.566,0.4,0.75,151,40,82,43,76,9,25,12,30,17,24,24,32,TRUE,FALSE,5,4,"HOU",5
"111","L.A.Clippers","Houston","2015-12-19","W",48,107,55,22,7,7,15,29,42,13,0.447,0.32,0.633,123,97,38,21,10,6,12,36,31,7,0.395,0.289,0.621,97,34,76,34,86,8,25,11,38,31,49,18,29,TRUE,TRUE,5,4,"HOU",5
"112","L.A.Clippers","L.A. Lakers","2016-04-06","L",48,81,49,12,6,1,12,16,33,16,0.356,0.211,0.765,75,91,49,23,10,6,10,17,39,10,0.446,0.28,0.714,119,32,90,37,83,4,19,7,25,13,17,10,14,TRUE,FALSE,5,6,"LAL",5
"113","L.A.Clippers","L.A. Lakers","2015-12-25","L",48,84,40,17,10,2,15,13,34,6,0.416,0.304,0.52,81,94,45,22,10,3,16,20,37,8,0.447,0.385,0.727,108,32,77,38,85,7,23,10,26,13,25,8,11,TRUE,TRUE,5,6,"LAL",5
"114","L.A.Clippers","Memphis","2016-03-19","W",48,113,44,23,9,5,13,28,26,18,0.488,0.267,0.806,132,102,30,18,8,8,14,27,26,4,0.47,0.4,0.718,106,40,82,31,66,4,15,12,30,29,36,28,39,TRUE,FALSE,5,7,"MEM",5
"115","L.A.Clippers","Minnesota","2016-03-30","L",48,79,53,20,2,1,16,15,39,14,0.345,0.348,0.647,76,99,41,26,8,9,7,17,34,7,0.44,0.29,0.889,127,30,87,37,84,8,23,9,31,11,17,16,18,TRUE,FALSE,5,8,"MIN",5
"116","L.A.Clippers","Minnesota","2015-12-07","L",48,106,46,18,10,3,18,29,35,11,0.439,0.389,0.771,111,110,43,21,10,9,17,26,30,13,0.442,0.32,0.897,125,36,82,38,86,7,18,8,25,27,35,26,29,TRUE,TRUE,5,8,"MIN",5
"117","L.A.Clippers","New Orleans","2016-03-20","W",48,109,54,22,9,1,23,34,44,10,0.493,0.333,0.8,128,105,35,21,12,5,12,28,28,7,0.402,0.256,0.69,104,35,71,33,82,7,21,10,39,32,40,29,42,TRUE,FALSE,5,9,"NOP",5
"118","L.A.Clippers","New Orleans","2015-12-31","L",48,89,42,21,6,3,15,22,37,5,0.439,0.28,0.667,95,95,47,24,8,6,12,14,34,13,0.389,0.294,0.789,109,36,82,35,90,7,25,10,34,10,15,15,19,TRUE,TRUE,5,9,"NOP",5
"119","L.A.Clippers","Oklahoma City","2016-03-31","W",48,119,46,25,10,1,14,13,29,17,0.517,0.312,0.792,140,117,26,22,9,4,12,17,21,5,0.553,0.552,0.773,127,45,87,42,76,10,32,16,29,19,24,17,22,TRUE,FALSE,5,10,"OKC",5
"120","L.A.Clippers","Oklahoma City","2016-03-09","W",48,120,52,33,6,2,16,20,42,10,0.527,0.375,0.833,151,108,29,29,11,4,10,17,27,2,0.506,0.353,0.609,122,48,91,41,81,9,24,12,34,15,18,14,23,TRUE,FALSE,5,10,"OKC",5
"121","L.A.Clippers","Phoenix","2016-04-13","W",48,114,58,26,10,5,16,15,40,18,0.455,0.269,0.773,138,105,40,23,9,6,15,20,34,6,0.448,0.29,0.833,113,45,99,43,96,7,26,9,31,17,22,10,12,TRUE,FALSE,5,11,"PHX",5
"122","L.A.Clippers","Phoenix","2015-11-12","W",48,118,46,22,10,3,19,23,37,9,0.53,0.467,0.762,136,104,37,17,13,3,14,17,25,12,0.444,0.346,0.536,97,44,83,40,90,14,30,9,26,16,21,15,28,TRUE,TRUE,5,11,"PHX",5
"123","L.A.Clippers","Portland","2016-01-06","L",48,98,49,21,5,4,13,18,32,17,0.442,0.346,0.565,106,109,42,24,7,6,10,22,32,10,0.506,0.478,0.824,134,38,86,42,83,9,26,11,23,13,23,14,17,TRUE,TRUE,5,12,"POR",5
"124","L.A.Clippers","Portland","2015-11-20","W",48,102,55,16,8,3,14,17,38,17,0.422,0.32,0.75,112,91,42,24,6,5,13,24,32,10,0.442,0.292,0.5,99,38,90,38,86,8,25,7,24,18,24,8,16,TRUE,TRUE,5,12,"POR",5
"125","L.A.Clippers","Sacramento","2016-02-26","L",48,107,44,19,6,3,16,23,31,13,0.436,0.5,0.73,109,117,41,18,6,4,8,27,30,11,0.483,0.31,0.846,128,34,78,43,89,12,24,9,29,27,37,22,26,TRUE,FALSE,5,13,"SAC",5
"126","L.A.Clippers","Sacramento","2015-10-28","L",48,104,49,24,8,3,16,27,37,12,0.436,0.458,0.611,112,111,42,20,8,9,15,19,36,6,0.525,0.316,0.677,127,41,94,42,80,11,24,6,19,11,18,21,31,TRUE,TRUE,5,13,"SAC",5
"127","L.A.Clippers","San Antonio","2016-03-15","W",48,108,42,25,6,4,10,21,30,12,0.537,0.4,0.75,133,87,27,15,5,4,13,17,22,5,0.464,0.421,0.682,81,44,82,32,69,8,20,8,19,12,16,15,22,TRUE,FALSE,5,14,"SAS",5
"128","L.A.Clippers","San Antonio","2015-12-18","W",48,115,44,25,7,4,8,30,34,10,0.494,0.526,0.792,138,107,37,23,6,8,10,22,31,6,0.5,0.417,0.625,120,43,87,36,72,10,19,10,24,19,24,25,40,TRUE,TRUE,5,14,"SAS",5
"129","L.A.Clippers","Utah","2016-04-08","L",53,99,47,14,7,6,18,15,38,9,0.439,0.355,0.696,102,102,44,16,13,3,11,20,36,8,0.446,0.448,0.789,117,36,82,37,83,11,31,13,29,16,23,15,19,TRUE,FALSE,5,15,"UTA",5
"130","L.A.Clippers","Utah","2015-12-26","L",48,104,36,18,7,4,16,22,28,8,0.486,0.37,0.815,110,109,34,24,9,6,12,23,27,7,0.481,0.5,0.833,125,36,74,38,79,10,27,13,26,22,27,20,24,TRUE,TRUE,5,15,"UTA",5
"131","L.A.Lakers","Dallas","2015-11-13","W",48,90,48,19,9,4,15,15,41,7,0.366,0.259,0.793,97,82,57,18,10,7,20,27,42,15,0.33,0.333,0.833,92,30,82,29,88,7,27,9,27,23,29,15,18,TRUE,TRUE,6,1,"DAL",6
"132","L.A.Lakers","Denver","2016-03-02","W",48,117,42,22,3,6,11,20,35,7,0.487,0.522,0.763,130,107,31,19,7,4,6,25,25,6,0.443,0.355,0.812,112,38,78,35,79,12,23,11,31,29,38,26,32,TRUE,FALSE,6,2,"DEN",6
"133","L.A.Lakers","Denver","2015-12-22","L",48,107,44,26,2,5,12,24,31,13,0.456,0.36,0.842,120,111,40,17,6,6,11,21,29,11,0.476,0.269,0.75,117,41,90,40,84,9,25,7,26,16,19,24,32,TRUE,TRUE,6,2,"DEN",6
"134","L.A.Lakers","Golden State","2016-01-14","W",48,116,47,26,12,4,19,17,35,12,0.5,0.394,0.85,140,98,47,17,13,3,21,19,31,16,0.444,0.167,0.583,97,43,86,40,90,13,33,4,24,17,20,14,24,TRUE,TRUE,6,3,"GSW",6
"135","L.A.Lakers","Golden State","2015-11-24","W",48,111,48,32,9,6,8,13,36,12,0.489,0.343,0.6,145,77,44,16,8,2,14,15,37,7,0.378,0.15,0.75,78,45,92,31,82,12,35,3,20,9,15,12,16,TRUE,TRUE,6,3,"GSW",6
"136","L.A.Lakers","Houston","2016-04-10","W",48,130,48,30,11,5,13,15,32,16,0.51,0.415,0.722,158,110,40,25,10,3,18,15,33,7,0.494,0.429,0.842,125,50,98,41,83,17,41,12,28,13,18,16,19,TRUE,FALSE,6,4,"HOU",6
"137","L.A.Lakers","Houston","2015-12-12","W",48,126,52,32,16,7,16,15,37,15,0.522,0.455,0.607,163,97,40,21,11,4,19,23,29,11,0.398,0.312,0.85,98,47,90,35,88,15,33,10,32,17,28,17,20,TRUE,TRUE,6,4,"HOU",6
"138","L.A.Lakers","L.A. Clippers","2016-04-05","W",48,103,46,26,11,4,13,17,40,6,0.513,0.35,0.615,129,81,43,11,10,3,15,23,29,14,0.313,0.3,0.92,74,40,78,26,83,7,20,6,20,16,26,23,25,TRUE,FALSE,6,5,"LAC",6
"139","L.A.Lakers","L.A. Clippers","2016-01-29","W",48,105,38,20,10,9,8,19,33,5,0.494,0.308,0.708,126,93,48,19,6,4,17,21,37,11,0.436,0.385,0.8,104,40,81,34,78,8,26,5,13,17,24,20,25,TRUE,TRUE,6,5,"LAC",6
"140","L.A.Lakers","Memphis","2016-02-24","W",48,128,46,26,6,4,9,20,37,9,0.565,0.481,0.655,154,119,45,16,5,3,7,21,30,15,0.443,0.436,0.727,123,48,85,39,88,13,27,17,39,19,29,24,33,TRUE,FALSE,6,7,"MEM",6
"141","L.A.Lakers","Memphis","2015-12-27","W",48,112,41,30,11,4,10,22,34,7,0.562,0.375,0.727,147,96,46,16,6,5,13,18,28,18,0.381,0.276,0.75,96,45,80,32,84,6,16,8,29,16,22,24,32,TRUE,TRUE,6,7,"MEM",6
"142","L.A.Lakers","Minnesota","2015-12-09","W",53,123,47,30,4,4,14,20,33,14,0.495,0.368,0.774,140,122,40,19,9,1,9,23,31,9,0.516,0.391,0.63,127,46,93,48,93,7,19,9,23,24,31,17,27,TRUE,TRUE,6,8,"MIN",6
"143","L.A.Lakers","New Orleans","2016-04-08","W",48,110,43,29,5,4,16,20,34,9,0.532,0.455,0.762,133,102,34,18,9,5,13,23,24,10,0.42,0.458,0.852,104,42,79,34,81,10,22,11,24,16,21,23,27,TRUE,FALSE,6,9,"NOP",6
"144","L.A.Lakers","New Orleans","2016-02-04","L",48,96,40,16,8,4,7,21,33,7,0.459,0.2,0.538,99,99,48,14,4,0,16,22,39,9,0.481,0.35,0.7,101,39,85,39,81,4,20,7,20,14,26,14,20,TRUE,TRUE,6,9,"NOP",6
"145","L.A.Lakers","Oklahoma City","2016-04-11","W",48,112,57,27,8,11,11,20,44,13,0.438,0.324,0.593,139,79,48,15,8,1,15,20,38,10,0.284,0.226,0.867,74,42,96,23,81,12,37,7,31,16,27,26,30,TRUE,FALSE,6,10,"OKC",6
"146","L.A.Lakers","Oklahoma City","2015-12-19","W",48,118,56,28,6,3,15,14,44,12,0.548,0.474,0.68,150,78,32,14,10,2,14,20,24,8,0.349,0.286,0.588,59,46,84,30,86,9,19,8,28,17,25,10,17,TRUE,TRUE,6,10,"OKC",6
"147","L.A.Lakers","Phoenix","2016-03-23","W",48,119,52,31,6,4,13,21,37,15,0.505,0.464,0.6,145,107,41,13,6,6,10,24,27,14,0.419,0.269,0.846,105,47,93,39,93,13,28,7,26,12,20,22,26,TRUE,FALSE,6,11,"PHX",6
"148","L.A.Lakers","Phoenix","2015-11-16","W",48,120,50,23,13,6,10,16,32,18,0.484,0.367,0.76,148,101,37,12,5,2,16,23,30,7,0.481,0.45,0.9,99,45,93,37,77,11,30,9,20,19,25,18,20,TRUE,TRUE,6,11,"PHX",6
"149","L.A.Lakers","Portland","2016-01-23","W",48,121,42,26,12,1,8,22,28,14,0.505,0.323,0.773,143,103,30,14,4,6,18,20,26,4,0.493,0.412,0.875,100,47,93,34,69,10,31,7,17,17,22,28,32,TRUE,TRUE,6,12,"POR",6
"150","L.A.Lakers","Portland","2015-11-28","W",48,108,46,24,5,2,16,16,34,12,0.487,0.4,0.769,123,96,33,20,12,2,9,19,27,6,0.439,0.304,0.739,102,38,78,36,82,12,30,7,23,20,26,17,23,TRUE,TRUE,6,12,"POR",6
"151","L.A.Lakers","Sacramento","2016-01-07","W",48,118,36,32,9,5,15,20,26,10,0.553,0.286,0.667,138,115,33,20,10,4,19,26,27,6,0.547,0.333,0.862,125,47,85,41,75,6,21,8,24,18,27,25,29,TRUE,TRUE,6,13,"SAC",6
"152","L.A.Lakers","Sacramento","2015-10-30","W",48,132,56,26,6,7,14,23,40,16,0.515,0.273,0.733,156,114,37,20,7,9,19,24,29,8,0.461,0.324,0.778,114,52,101,41,89,6,22,11,34,22,30,21,27,TRUE,TRUE,6,13,"SAC",6
"153","L.A.Lakers","San Antonio","2016-02-06","W",48,106,51,27,4,6,10,19,36,15,0.443,0.333,0.8,130,102,46,19,5,3,8,22,33,13,0.395,0.333,0.889,112,39,88,34,86,8,24,10,30,20,25,24,27,TRUE,TRUE,6,14,"SAS",6
"154","L.A.Lakers","San Antonio","2015-12-11","W",48,109,49,26,9,6,13,13,38,11,0.537,0.429,0.6,138,87,36,20,7,5,15,21,27,9,0.409,0.36,0.6,84,44,82,36,88,6,14,9,25,15,25,6,10,TRUE,TRUE,6,14,"SAS",6
"155","L.A.Lakers","Utah","2016-03-28","W",48,123,57,26,4,7,7,18,44,13,0.517,0.531,0.737,162,75,37,11,5,6,9,19,30,7,0.306,0.35,0.727,60,46,89,26,85,17,32,7,20,14,19,16,22,TRUE,FALSE,6,15,"UTA",6
"156","L.A.Lakers","Utah","2016-01-16","W",48,109,51,17,8,8,10,17,40,11,0.494,0.5,0.833,138,82,44,16,4,4,14,14,28,16,0.344,0.391,0.611,70,41,83,31,90,12,24,9,23,15,18,11,18,TRUE,TRUE,6,15,"UTA",6
"157","Memphis","Dallas","2016-04-08","W",48,103,38,18,7,6,17,17,32,6,0.5,0.387,0.795,117,93,42,17,9,1,15,33,27,15,0.402,0.318,0.727,89,30,60,35,87,12,31,7,22,31,39,16,22,TRUE,FALSE,7,1,"DAL",7
"158","Memphis","Dallas","2015-12-18","W",48,97,50,27,7,4,19,17,39,11,0.436,0.345,0.905,120,88,39,13,11,3,12,19,29,10,0.375,0.353,0.917,90,34,78,30,80,10,29,6,17,19,21,22,24,TRUE,TRUE,7,1,"DAL",7
"159","Memphis","Denver","2016-02-29","L",48,96,40,27,3,4,19,26,32,8,0.533,0.32,0.8,114,103,27,27,7,4,8,16,23,4,0.48,0.15,0.778,113,40,75,36,75,8,25,3,20,8,10,28,36,TRUE,FALSE,7,2,"DEN",7
"160","Memphis","Denver","2016-01-21","L",48,101,40,26,6,1,10,25,30,10,0.45,0.3,0.769,114,102,37,21,7,6,12,23,33,4,0.5,0.286,0.828,120,36,80,36,72,9,30,6,21,20,26,24,29,TRUE,TRUE,7,2,"DEN",7
"161","Memphis","Golden State","2016-04-13","W",48,125,51,35,7,7,17,14,39,12,0.529,0.426,0.812,164,104,40,25,12,1,13,18,27,13,0.429,0.333,0.75,109,46,87,42,98,20,47,8,24,13,16,12,16,TRUE,FALSE,7,3,"GSW",7
"162","Memphis","Golden State","2015-11-02","W",48,119,65,32,8,13,14,15,55,10,0.512,0.44,0.733,174,69,44,21,8,7,11,24,33,11,0.271,0.13,0.7,62,43,84,26,96,11,25,3,23,22,30,14,20,TRUE,TRUE,7,3,"GSW",7
"163","Memphis","Houston","2016-03-14","W",48,130,53,29,13,14,13,22,45,8,0.541,0.485,0.647,175,81,58,14,7,0,19,25,30,28,0.297,0.235,0.607,59,46,85,30,101,16,33,4,17,22,34,17,28,TRUE,FALSE,7,4,"HOU",7
"164","Memphis","Houston","2015-11-25","L",48,93,37,19,14,7,19,22,31,6,0.423,0.294,0.852,106,102,41,21,8,3,17,23,32,9,0.487,0.188,0.913,115,30,71,39,80,10,34,3,16,23,27,21,23,TRUE,TRUE,7,4,"HOU",7
"165","Memphis","L.A. Clippers","2016-04-12","W",48,110,41,29,11,7,9,19,33,8,0.547,0.48,0.762,150,84,38,16,5,1,16,18,25,13,0.407,0.25,0.643,72,41,75,35,86,12,25,5,20,16,21,9,14,TRUE,FALSE,7,5,"LAC",7
"166","Memphis","L.A. Clippers","2015-11-09","W",48,94,40,14,5,8,18,20,32,8,0.412,0.263,0.892,99,92,40,21,11,3,14,28,30,10,0.438,0.182,0.69,99,28,68,35,80,5,19,2,11,33,37,20,29,TRUE,TRUE,7,5,"LAC",7
"167","Memphis","L.A. Lakers","2016-03-22","W",48,107,40,21,10,4,20,23,29,11,0.506,0.316,0.958,123,100,33,23,13,2,20,26,20,13,0.5,0.267,0.696,104,39,77,40,80,6,19,4,15,23,24,16,23,TRUE,FALSE,7,6,"LAL",7
"168","Memphis","L.A. Lakers","2016-02-26","L",48,95,38,14,9,3,7,14,27,11,0.41,0.217,0.667,93,112,47,24,6,7,13,26,37,10,0.506,0.406,0.867,139,32,78,43,85,5,23,13,32,26,39,13,15,TRUE,FALSE,7,6,"LAL",7
"169","Memphis","Minnesota","2016-01-23","W",48,106,38,26,7,5,15,21,30,8,0.5,0.294,0.917,130,101,34,22,9,3,13,23,24,10,0.468,0.474,0.818,110,34,68,37,79,5,17,9,19,33,36,18,22,TRUE,TRUE,7,8,"MIN",7
"170","Memphis","Minnesota","2015-11-15","L",48,106,33,20,10,2,12,24,24,9,0.5,0.312,0.905,116,114,34,21,7,6,15,16,30,4,0.563,0.529,0.926,134,41,82,40,71,5,16,9,17,19,21,25,27,TRUE,TRUE,7,8,"MIN",7
"171","Memphis","New Orleans","2016-02-01","L",48,95,37,19,8,4,9,14,23,14,0.409,0.385,0.619,94,110,40,27,4,5,14,21,37,3,0.606,0.562,0.833,141,36,88,43,71,10,26,9,16,13,21,15,18,TRUE,TRUE,7,9,"NOP",7
"172","Memphis","New Orleans","2015-12-01","L",48,104,37,25,3,11,8,21,28,9,0.432,0.333,0.758,118,113,49,21,3,4,6,23,36,13,0.478,0.2,0.962,136,35,81,43,90,9,27,2,10,25,33,25,26,TRUE,TRUE,7,9,"NOP",7
"173","Memphis","Oklahoma City","2016-01-06","W",48,112,52,20,3,6,15,23,39,13,0.458,0.471,0.848,128,94,39,21,9,4,8,24,30,9,0.389,0.333,0.708,97,38,83,35,90,8,17,7,21,28,33,17,24,TRUE,TRUE,7,10,"OKC",7
"174","Memphis","Phoenix","2016-03-21","L",48,97,45,22,8,10,17,18,36,9,0.395,0.393,0.765,111,103,45,18,10,4,13,27,35,10,0.433,0.4,0.895,114,30,76,39,90,11,28,8,20,26,34,17,19,TRUE,FALSE,7,11,"PHX",7
"175","Memphis","Phoenix","2016-02-27","W",48,111,56,19,4,3,18,28,40,16,0.463,0.375,0.714,122,106,34,15,11,4,8,26,27,7,0.4,0.3,0.857,108,37,80,32,80,12,32,6,20,25,35,36,42,TRUE,FALSE,7,11,"PHX",7
"176","Memphis","Portland","2016-01-04","L",48,78,42,14,7,4,21,19,35,7,0.389,0.25,0.625,71,91,52,21,10,3,11,19,35,17,0.385,0.2,0.692,102,28,72,35,91,7,28,3,15,15,24,18,26,TRUE,TRUE,7,12,"POR",7
"177","Memphis","Portland","2015-11-05","W",48,115,47,29,3,3,8,19,33,14,0.506,0.5,0.6,138,96,36,20,4,5,8,14,29,7,0.481,0.35,0.714,107,44,87,37,77,15,30,7,20,12,20,15,21,TRUE,TRUE,7,12,"POR",7
"178","Memphis","Sacramento","2015-11-03","L",48,89,35,17,8,1,13,21,27,8,0.392,0.35,0.6,76,103,50,23,5,7,16,31,38,12,0.482,0.15,0.8,124,29,74,40,83,7,20,3,20,24,40,20,25,TRUE,TRUE,7,13,"SAC",7
"179","Memphis","San Antonio","2016-03-25","W",48,110,37,25,7,5,14,12,29,8,0.571,0.412,0.833,134,104,31,23,11,4,10,19,23,8,0.53,0.389,0.692,120,44,77,44,83,7,17,7,18,15,18,9,13,TRUE,FALSE,7,14,"SAS",7
"180","Memphis","San Antonio","2015-11-21","W",48,92,40,20,7,6,17,20,33,7,0.472,0.333,0.773,105,82,35,19,13,2,16,23,28,7,0.432,0.111,1,93,34,72,32,74,7,21,1,9,17,22,17,17,TRUE,TRUE,7,14,"SAS",7
"181","Memphis","Utah","2016-01-02","W",53,92,48,17,4,7,16,24,39,9,0.413,0.333,0.75,101,87,40,17,8,4,11,24,32,8,0.407,0.389,0.538,85,31,75,33,81,9,27,7,18,21,28,14,26,TRUE,TRUE,7,15,"UTA",7
"182","Memphis","Utah","2015-11-07","W",48,89,49,18,7,10,21,20,40,9,0.419,0.444,0.833,106,79,44,16,8,1,14,21,31,13,0.33,0.316,0.929,72,31,74,30,91,12,27,6,19,15,18,13,14,TRUE,TRUE,7,15,"UTA",7
"183","Minnesota","Dallas","2016-02-28","W",48,128,43,34,9,6,8,26,35,8,0.528,0.361,1,170,101,53,19,5,3,15,17,30,23,0.378,0.304,0.703,99,47,89,34,90,13,36,7,23,21,21,26,37,TRUE,FALSE,8,1,"DAL",8
"184","Minnesota","Dallas","2016-01-20","W",53,106,46,18,11,2,11,15,37,9,0.433,0.2,0.773,112,94,52,26,4,9,17,21,42,10,0.44,0.217,0.818,115,42,97,40,91,5,25,5,23,17,22,9,11,TRUE,TRUE,8,1,"DAL",8
"185","Minnesota","Denver","2015-12-11","W",53,111,50,21,7,1,12,25,42,8,0.442,0.393,0.727,121,108,43,22,5,8,10,27,35,8,0.437,0.368,0.862,123,38,86,38,87,11,28,7,19,24,33,25,29,TRUE,TRUE,8,2,"DEN",8
"186","Minnesota","Denver","2015-10-30","L",48,78,51,15,7,4,14,27,34,17,0.305,0.2,0.75,70,95,49,18,7,6,17,24,42,7,0.423,0.182,0.805,109,29,95,30,71,5,25,2,11,15,20,33,41,TRUE,TRUE,8,2,"DEN",8
"187","Minnesota","Golden State","2016-04-05","L",53,117,46,35,9,5,23,29,37,9,0.5,0.343,0.875,139,124,40,30,14,6,17,15,34,6,0.512,0.471,0.778,147,49,98,44,86,12,35,8,17,7,8,28,36,TRUE,FALSE,8,3,"GSW",8
"188","Minnesota","Houston","2016-03-18","W",48,116,42,31,9,7,17,19,29,13,0.565,0.379,0.643,146,111,35,30,14,4,12,14,24,11,0.506,0.375,0.792,135,48,85,43,85,11,29,6,16,9,14,19,24,TRUE,FALSE,8,4,"HOU",8
"189","Minnesota","Houston","2016-01-13","W",48,107,39,19,11,3,16,19,31,8,0.493,0.233,0.684,113,104,43,25,11,1,20,27,29,14,0.462,0.471,0.8,116,37,75,36,78,7,30,8,17,26,38,24,30,TRUE,TRUE,8,4,"HOU",8
"190","Minnesota","L.A. Clippers","2016-02-03","L",48,102,35,20,10,6,13,22,24,11,0.44,0.344,0.735,109,108,42,24,6,3,15,24,32,10,0.506,0.471,0.846,126,33,75,39,77,11,32,8,17,25,34,22,26,TRUE,TRUE,8,5,"LAC",8
"191","Minnesota","L.A. Clippers","2015-11-29","W",48,107,39,24,3,5,13,21,32,7,0.52,0.364,0.636,117,99,39,21,7,3,13,27,32,7,0.451,0.5,0.81,107,39,75,37,82,8,22,8,16,21,33,17,21,TRUE,TRUE,8,5,"LAC",8
"192","Minnesota","L.A. Lakers","2016-02-02","W",48,119,31,23,9,2,9,24,24,7,0.5,0.462,0.771,127,115,33,36,6,4,15,21,25,8,0.575,0.235,0.76,139,40,80,46,80,12,26,4,17,27,35,19,25,TRUE,TRUE,8,6,"LAL",8
"193","Minnesota","L.A. Lakers","2015-10-28","L",48,111,51,18,2,4,13,29,36,15,0.376,0.257,0.914,112,112,39,24,3,4,8,26,33,6,0.458,0.25,0.838,123,35,93,38,83,9,35,5,20,32,35,31,37,TRUE,TRUE,8,6,"LAL",8
"194","Minnesota","Memphis","2016-03-16","L",48,108,51,22,3,8,10,21,24,27,0.44,0.2,0.762,121,114,33,31,5,8,13,20,26,7,0.563,0.476,0.774,140,44,100,40,71,4,20,10,21,16,21,24,31,TRUE,FALSE,8,7,"MEM",8
"195","Minnesota","Memphis","2016-02-19","W",48,109,42,17,13,5,14,24,31,11,0.488,0.333,0.786,124,104,42,25,7,6,20,25,31,11,0.413,0.423,1,120,40,82,31,75,7,21,11,26,22,28,31,31,TRUE,FALSE,8,7,"MEM",8
"196","Minnesota","New Orleans","2016-02-27","L",48,110,42,22,9,4,15,24,35,7,0.464,0.37,0.846,123,112,44,28,9,5,11,21,37,7,0.5,0.333,0.767,138,39,84,42,84,10,27,5,15,22,26,23,30,TRUE,FALSE,8,9,"NOP",8
"197","Minnesota","New Orleans","2016-01-19","W",48,114,40,21,9,6,15,24,28,12,0.506,0.435,0.87,131,99,39,18,10,7,16,21,27,12,0.474,0.214,0.774,110,42,83,36,76,10,23,3,14,20,23,24,31,TRUE,TRUE,8,9,"NOP",8
"198","Minnesota","Oklahoma City","2016-03-11","L",48,96,54,15,3,7,24,24,38,16,0.429,0.222,0.72,96,99,37,22,12,7,12,23,31,6,0.43,0.333,0.857,113,36,84,37,86,6,27,7,21,18,25,18,21,TRUE,FALSE,8,10,"OKC",8
"199","Minnesota","Oklahoma City","2016-01-15","W",48,113,40,31,10,7,6,21,28,12,0.528,0.217,0.636,145,93,45,15,3,2,12,19,29,16,0.4,0.417,0.87,92,47,89,34,85,5,23,5,12,14,22,20,23,TRUE,TRUE,8,10,"OKC",8
"200","Minnesota","Phoenix","2016-03-14","W",48,107,57,22,8,3,23,26,38,19,0.421,0.314,0.8,115,104,36,25,13,4,16,20,30,6,0.44,0.25,0.867,115,40,95,37,84,11,35,4,16,16,20,26,30,TRUE,FALSE,8,11,"PHX",8
"201","Minnesota","Phoenix","2015-12-13","W",48,108,38,28,16,8,14,26,26,12,0.448,0.333,0.833,132,101,38,22,7,4,24,26,29,9,0.452,0.421,0.794,101,39,87,33,73,10,30,8,19,20,24,27,34,TRUE,TRUE,8,11,"PHX",8
"202","Minnesota","Portland","2016-04-09","L",48,105,37,19,2,4,17,20,26,11,0.5,0.375,0.889,108,106,37,24,8,7,11,18,24,13,0.488,0.385,0.76,122,40,80,41,84,9,24,5,13,16,18,19,25,TRUE,FALSE,8,12,"POR",8
"203","Minnesota","Portland","2016-01-31","W",48,96,37,16,7,5,13,21,29,8,0.421,0.222,0.867,100,93,49,20,10,4,16,23,34,15,0.438,0.25,0.679,106,32,76,35,80,6,27,4,16,26,30,19,28,TRUE,TRUE,8,12,"POR",8
"204","Minnesota","Sacramento","2016-04-07","L",48,97,47,19,11,5,19,23,30,17,0.424,0.353,0.905,109,105,43,25,11,4,15,17,30,13,0.45,0.524,0.71,120,36,85,36,80,6,17,11,21,19,21,22,31,TRUE,FALSE,8,13,"SAC",8
"205","Minnesota","Sacramento","2015-11-27","L",48,91,36,21,4,3,15,16,24,12,0.43,0.364,0.6,85,101,46,20,4,3,17,19,34,12,0.481,0.36,0.947,116,37,86,37,77,8,22,9,25,9,15,18,19,TRUE,TRUE,8,13,"SAC",8
"206","Minnesota","San Antonio","2015-12-28","W",48,101,36,25,5,5,16,18,31,5,0.514,0.294,0.786,115,95,32,25,12,4,15,29,26,6,0.476,0.273,0.583,100,37,72,39,82,5,17,3,11,22,28,14,24,TRUE,TRUE,8,14,"SAS",8
"207","Minnesota","Utah","2016-04-01","W",48,98,43,13,9,5,15,11,32,11,0.528,0.364,0.609,110,85,34,25,11,1,15,20,24,10,0.443,0.391,0.6,93,38,72,35,79,8,22,9,23,14,23,6,10,TRUE,FALSE,8,15,"UTA",8
"208","Minnesota","Utah","2016-01-29","W",48,103,40,24,8,5,13,21,30,10,0.526,0.4,0.812,128,90,38,17,9,2,14,13,25,13,0.467,0.2,0.692,94,40,76,35,75,10,25,2,10,13,16,18,26,TRUE,TRUE,8,15,"UTA",8
"209","New Orleans","Dallas","2016-01-02","L",48,98,33,20,10,2,13,17,30,3,0.434,0.4,0.842,100,105,53,19,8,2,19,19,44,9,0.482,0.3,0.792,120,36,83,40,83,10,25,6,20,16,19,19,24,TRUE,TRUE,9,1,"DAL",9
"210","New Orleans","Dallas","2015-11-07","W",48,107,42,20,5,2,9,17,36,6,0.476,0.375,0.818,119,98,42,21,7,6,12,24,35,7,0.453,0.321,0.846,113,40,84,39,86,9,24,9,28,18,22,11,13,TRUE,TRUE,9,1,"DAL",9
"211","New Orleans","Denver","2015-12-20","L",48,125,39,26,5,4,5,25,26,13,0.469,0.486,0.818,139,130,36,24,4,11,10,22,29,7,0.564,0.458,0.795,153,45,96,44,78,17,35,11,24,18,22,31,39,TRUE,TRUE,9,2,"DEN",9
"212","New Orleans","Golden State","2016-03-14","W",48,125,46,30,6,6,18,22,38,8,0.58,0.48,0.826,157,107,40,18,14,3,8,19,23,17,0.376,0.28,0.882,112,47,81,35,93,12,25,7,25,19,23,30,34,TRUE,FALSE,9,3,"GSW",9
"213","New Orleans","Golden State","2015-10-27","W",48,111,56,29,8,7,20,29,35,21,0.427,0.3,0.909,134,95,33,21,9,3,18,26,25,8,0.422,0.333,0.704,87,41,96,35,83,9,30,6,18,20,22,19,27,TRUE,TRUE,9,3,"GSW",9
"214","New Orleans","Houston","2016-03-02","W",48,100,51,20,15,9,21,14,43,8,0.444,0.088,0.658,116,95,43,24,10,3,22,28,37,6,0.4,0.389,0.692,95,36,81,36,90,3,34,14,36,25,38,9,13,TRUE,FALSE,9,4,"HOU",9
"215","New Orleans","Houston","2015-12-02","W",48,108,42,20,9,7,10,23,33,9,0.414,0.296,0.718,114,101,56,20,5,6,23,32,40,16,0.409,0.28,0.88,110,36,87,36,88,8,27,7,25,28,39,22,25,TRUE,TRUE,9,4,"HOU",9
"216","New Orleans","L.A. Clippers","2016-01-10","W",53,114,47,26,8,3,14,24,39,8,0.472,0.333,0.529,121,111,56,20,8,2,14,24,41,15,0.4,0.267,0.793,117,42,89,40,100,12,36,8,30,18,34,23,29,TRUE,TRUE,9,5,"LAC",9
"217","New Orleans","L.A. Clippers","2015-11-27","W",48,111,49,27,6,7,13,20,44,5,0.482,0.368,0.8,138,90,50,20,8,1,12,23,35,15,0.362,0.25,0.739,91,40,83,34,94,7,19,5,20,24,30,17,23,TRUE,TRUE,9,5,"LAC",9
"218","New Orleans","L.A. Lakers","2016-01-12","W",48,95,47,16,7,4,8,17,36,11,0.368,0.207,0.781,99,91,51,20,2,6,11,27,39,12,0.418,0.261,0.643,101,32,87,38,91,6,29,6,23,25,32,9,14,TRUE,TRUE,9,6,"LAL",9
"219","New Orleans","Memphis","2016-03-11","W",53,121,50,27,14,7,10,26,40,10,0.49,0.429,0.656,149,114,58,23,6,6,17,27,43,15,0.438,0.292,0.676,125,47,96,42,96,6,14,7,24,21,32,23,34,TRUE,FALSE,9,7,"MEM",9
"220","New Orleans","Memphis","2016-01-18","W",48,101,40,27,9,3,10,25,29,11,0.467,0.421,0.767,123,99,34,19,8,5,15,22,28,6,0.486,0.316,0.913,110,35,75,36,74,8,19,6,19,23,30,21,23,TRUE,TRUE,9,7,"MEM",9
"221","New Orleans","Minnesota","2016-04-13","W",48,144,43,41,14,8,13,20,38,5,0.651,0.464,0.826,203,109,33,31,7,0,16,16,23,10,0.435,0.367,0.818,108,56,86,40,92,13,28,11,30,19,23,18,22,TRUE,FALSE,9,8,"MIN",9
"222","New Orleans","Minnesota","2016-02-08","L",48,102,50,24,0,9,12,23,39,11,0.444,0.167,0.8,121,116,41,22,7,3,4,25,32,9,0.485,0.417,0.6,127,36,81,47,97,2,12,10,24,28,35,12,20,TRUE,TRUE,9,8,"MIN",9
"223","New Orleans","Oklahoma City","2016-02-11","W",48,121,50,28,4,7,18,20,41,9,0.523,0.375,0.826,147,95,31,17,13,2,7,17,24,7,0.432,0.188,0.667,93,45,86,38,88,12,32,3,16,19,23,16,24,TRUE,TRUE,9,10,"OKC",9
"224","New Orleans","Oklahoma City","2015-11-18","W",48,110,50,19,6,4,14,16,34,16,0.447,0.412,0.675,115,103,40,21,8,4,11,25,30,10,0.453,0.25,1,113,38,85,43,95,7,17,8,32,27,40,9,9,TRUE,TRUE,9,10,"OKC",9
"225","New Orleans","Phoenix","2015-12-18","W",48,104,45,22,10,2,19,27,33,12,0.524,0.375,0.588,117,88,36,13,8,7,21,23,26,10,0.366,0.182,0.842,80,44,84,26,71,6,16,4,22,10,17,32,38,TRUE,TRUE,9,11,"PHX",9
"226","New Orleans","Phoenix","2015-11-25","L",48,114,44,25,8,5,10,26,33,11,0.458,0.385,0.8,130,120,42,20,4,6,14,23,37,5,0.519,0.455,0.765,131,44,96,42,81,10,26,10,22,16,20,26,34,TRUE,TRUE,9,11,"PHX",9
"227","New Orleans","Portland","2015-12-14","W",48,105,50,28,7,5,15,21,40,10,0.432,0.406,0.759,127,101,41,15,9,9,9,22,36,5,0.439,0.32,0.778,114,35,81,36,82,13,32,8,25,22,29,21,27,TRUE,TRUE,9,12,"POR",9
"228","New Orleans","Portland","2015-10-28","W",48,112,51,22,7,4,12,21,45,6,0.5,0.375,0.857,138,94,39,19,7,2,11,17,34,5,0.396,0.333,0.611,88,44,88,36,91,12,32,11,33,12,14,11,18,TRUE,TRUE,9,12,"POR",9
"229","New Orleans","Sacramento","2016-03-16","L",48,108,39,23,7,2,11,18,31,8,0.467,0.5,0.882,118,123,42,26,5,4,8,14,35,7,0.544,0.571,0.812,148,42,90,49,90,9,18,12,21,15,17,13,16,TRUE,FALSE,9,13,"SAC",9
"230","New Orleans","Sacramento","2016-01-13","L",48,97,52,21,4,7,18,15,42,10,0.488,0.261,0.643,115,109,45,27,10,3,7,18,32,13,0.42,0.485,0.818,127,41,84,42,100,6,23,16,33,9,14,9,11,TRUE,TRUE,9,13,"SAC",9
"231","New Orleans","San Antonio","2016-03-30","W",48,100,38,23,10,8,12,18,32,6,0.48,0.5,0.727,122,92,44,27,6,0,17,17,33,11,0.45,0.471,0.667,102,36,75,36,80,12,24,8,17,16,22,12,18,TRUE,FALSE,9,14,"SAS",9
"232","New Orleans","San Antonio","2016-02-03","W",48,110,36,30,6,8,14,13,32,4,0.519,0.6,0.944,136,97,45,21,12,4,16,23,34,11,0.456,0.158,0.857,112,42,81,41,90,9,15,3,19,17,18,12,14,TRUE,TRUE,9,14,"SAS",9
"233","New Orleans","Utah","2015-12-16","L",48,94,34,17,4,4,12,20,29,5,0.478,0.35,0.793,100,104,36,14,9,2,10,24,28,8,0.466,0.476,0.929,114,32,67,34,73,7,20,10,21,23,29,26,28,TRUE,TRUE,9,15,"UTA",9
"234","New Orleans","Utah","2015-11-28","W",48,101,49,18,11,9,15,25,37,12,0.463,0.5,0.762,124,87,35,19,8,4,16,19,31,4,0.42,0.294,0.8,91,38,82,29,69,9,18,5,17,16,21,24,30,TRUE,TRUE,9,15,"UTA",9
"235","Oklahoma City","Dallas","2016-02-24","L",48,103,42,26,10,4,10,21,29,13,0.407,0.321,0.8,118,116,52,28,5,5,13,27,38,14,0.483,0.364,0.818,143,35,86,43,89,9,28,12,33,24,30,18,22,TRUE,FALSE,10,1,"DAL",10
"236","Oklahoma City","Dallas","2016-01-22","L",48,106,33,24,9,6,8,15,26,7,0.46,0.303,0.889,121,109,47,18,3,6,14,19,30,17,0.495,0.267,0.733,119,40,87,45,91,10,33,8,30,16,18,11,15,TRUE,TRUE,10,1,"DAL",10
"237","Oklahoma City","Denver","2016-04-05","L",48,102,38,28,9,4,13,19,28,10,0.42,0.333,0.667,108,124,55,32,10,4,17,21,42,13,0.529,0.455,0.708,160,37,88,46,87,10,30,15,33,18,27,17,24,TRUE,FALSE,10,2,"DEN",10
"238","Oklahoma City","Denver","2016-01-19","L",48,104,48,21,5,6,17,25,36,12,0.422,0.35,0.75,110,110,52,30,11,5,13,28,36,16,0.423,0.214,0.733,131,35,83,41,97,7,20,6,28,27,36,22,30,TRUE,TRUE,10,2,"DEN",10
"239","Oklahoma City","Golden State","2016-03-03","W",48,121,40,33,11,3,8,20,36,4,0.54,0.324,0.762,155,106,46,22,3,4,14,18,35,11,0.465,0.2,0.815,116,47,87,40,86,11,34,4,20,16,21,22,27,TRUE,FALSE,10,3,"GSW",10
"240","Oklahoma City","Golden State","2016-02-06","W",48,116,46,24,7,4,10,23,33,13,0.495,0.269,0.65,131,108,50,22,10,4,15,18,38,12,0.424,0.318,0.784,122,48,97,36,85,7,26,7,22,13,20,29,37,TRUE,TRUE,10,3,"GSW",10
"241","Oklahoma City","Houston","2016-04-03","W",48,118,45,24,11,5,9,24,23,22,0.402,0.31,0.885,130,110,50,21,5,5,19,21,35,15,0.463,0.259,0.844,123,41,102,38,82,13,42,7,27,23,26,27,32,TRUE,FALSE,10,4,"HOU",10
"242","Oklahoma City","Houston","2015-11-02","W",48,110,34,22,18,7,12,22,27,7,0.461,0.31,0.655,121,105,55,17,7,9,24,24,41,14,0.476,0.435,0.682,118,41,89,40,84,9,29,10,23,19,29,15,22,TRUE,TRUE,10,4,"HOU",10
"243","Oklahoma City","L.A. Clippers","2016-03-02","W",48,103,45,26,11,3,6,13,33,12,0.408,0.29,0.667,117,98,63,22,3,8,17,21,45,18,0.398,0.286,0.909,117,40,98,39,98,9,31,10,35,14,21,10,11,TRUE,FALSE,10,5,"LAC",10
"244","Oklahoma City","L.A. Clippers","2015-12-21","L",48,99,45,21,7,3,13,15,34,11,0.471,0.318,0.714,112,100,44,21,10,4,11,16,34,10,0.471,0.235,0.8,119,41,87,40,85,7,22,4,17,10,14,16,20,TRUE,TRUE,10,5,"LAC",10
"245","Oklahoma City","L.A. Lakers","2016-01-08","L",48,113,34,19,9,5,11,22,24,10,0.476,0.346,0.96,124,117,45,17,8,3,13,15,29,16,0.506,0.294,0.846,129,40,84,45,89,9,26,5,17,24,25,22,26,TRUE,TRUE,10,6,"LAL",10
"246","Oklahoma City","L.A. Lakers","2015-12-23","L",48,85,35,19,6,5,10,18,23,12,0.36,0.28,0.636,75,120,61,23,7,13,15,17,42,19,0.537,0.263,0.765,161,32,89,51,95,7,25,5,19,14,22,13,17,TRUE,TRUE,10,6,"LAL",10
"247","Oklahoma City","Memphis","2015-12-08","L",48,88,33,14,6,4,15,17,22,11,0.407,0.214,0.864,79,125,46,31,11,3,12,17,36,10,0.56,0.5,0.783,162,33,81,47,84,3,14,13,26,19,22,18,23,TRUE,TRUE,10,7,"MEM",10
"248","Oklahoma City","Memphis","2015-11-16","W",48,122,34,23,11,4,10,22,22,12,0.44,0.706,0.923,134,114,44,22,7,6,19,28,32,12,0.506,0.417,0.71,125,37,84,41,81,12,17,10,24,36,39,22,31,TRUE,TRUE,10,7,"MEM",10
"249","Oklahoma City","Minnesota","2016-01-27","L",48,123,35,31,6,4,8,16,23,12,0.556,0.357,0.643,141,126,47,23,0,6,12,25,32,15,0.527,0.5,0.952,146,50,90,48,91,5,14,10,20,18,28,20,21,TRUE,TRUE,10,8,"MIN",10
"250","Oklahoma City","Minnesota","2016-01-12","L",48,96,45,22,7,6,18,15,34,11,0.444,0.389,0.739,107,101,41,21,10,3,16,21,33,8,0.464,0.409,0.778,111,36,81,39,84,7,18,9,22,17,23,14,18,TRUE,TRUE,10,8,"MIN",10
"251","Oklahoma City","New Orleans","2016-02-25","W",48,123,39,29,5,6,12,25,25,14,0.522,0.6,0.944,146,119,36,25,4,6,13,15,27,9,0.547,0.421,0.773,133,47,90,47,86,12,20,8,19,17,18,17,22,TRUE,FALSE,10,9,"NOP",10
"252","Oklahoma City","Phoenix","2016-02-08","L",48,106,36,22,9,4,17,30,27,9,0.507,0.091,0.795,116,122,38,23,8,5,14,29,24,14,0.494,0.455,0.767,132,37,73,42,85,1,11,15,33,31,39,23,30,TRUE,TRUE,10,11,"PHX",10
"253","Oklahoma City","Portland","2016-04-06","W",48,120,39,32,11,6,15,23,30,9,0.512,0.455,0.792,147,115,50,18,9,2,17,20,31,19,0.473,0.409,0.645,118,43,84,43,91,15,33,9,22,19,24,20,31,TRUE,FALSE,10,12,"POR",10
"254","Oklahoma City","Portland","2016-01-10","W",48,115,52,27,7,4,16,28,32,20,0.42,0.432,0.857,129,110,42,23,8,6,19,16,34,8,0.487,0.476,0.722,121,42,100,37,76,19,44,10,21,12,14,26,36,TRUE,TRUE,10,12,"POR",10
"255","Oklahoma City","Sacramento","2016-04-09","W",48,114,40,22,12,4,11,23,24,16,0.479,0.406,0.55,123,112,44,24,6,5,21,25,31,13,0.481,0.406,0.75,121,45,94,39,81,13,32,13,32,11,20,21,28,TRUE,FALSE,10,13,"SAC",10
"256","Oklahoma City","Sacramento","2016-02-29","L",48,116,46,28,11,0,10,16,24,22,0.449,0.28,0.684,126,131,47,28,7,3,21,23,37,10,0.573,0.412,0.885,157,48,107,47,82,7,25,14,34,13,19,23,26,TRUE,FALSE,10,13,"SAC",10
"257","Oklahoma City","San Antonio","2016-04-12","W",53,102,42,15,12,8,11,22,31,11,0.425,0.286,0.75,110,98,55,18,7,5,21,23,37,18,0.402,0.24,0.88,107,37,87,35,87,4,14,6,25,24,32,22,25,TRUE,FALSE,10,14,"SAS",10
"258","Oklahoma City","San Antonio","2016-03-12","W",48,93,44,17,12,3,11,17,31,13,0.4,0.167,0.84,103,85,56,18,7,2,19,23,38,18,0.383,0.111,0.84,95,34,85,31,81,4,24,2,18,21,25,21,25,TRUE,FALSE,10,14,"SAS",10
"259","Oklahoma City","Utah","2015-12-11","L",48,90,39,17,7,4,11,16,28,11,0.423,0.286,0.667,93,94,45,14,4,2,13,19,34,11,0.468,0.353,0.875,102,33,78,37,79,8,28,6,17,16,24,14,16,TRUE,TRUE,10,15,"UTA",10
"260","Oklahoma City","Utah","2015-11-23","L",48,89,41,15,11,3,21,18,28,13,0.384,0.263,0.7,81,111,36,22,12,10,16,31,30,6,0.545,0.407,0.889,138,28,73,42,77,5,19,11,27,28,40,16,18,TRUE,TRUE,10,15,"UTA",10
"261","Phoenix","Dallas","2016-01-31","W",48,91,42,15,9,1,14,19,29,13,0.397,0.276,0.913,95,78,44,13,7,6,19,20,33,11,0.365,0.217,0.792,77,31,78,27,74,8,29,5,23,21,23,19,24,TRUE,TRUE,11,1,"DAL",11
"262","Phoenix","Dallas","2015-12-14","W",48,104,41,17,12,1,16,22,36,5,0.494,0.375,0.762,115,94,47,19,9,5,16,23,35,12,0.412,0.36,0.704,103,38,77,33,80,12,32,9,25,16,21,19,27,TRUE,TRUE,11,1,"DAL",11
"263","Phoenix","Denver","2016-03-10","W",48,116,49,27,9,11,11,30,38,11,0.484,0.448,0.789,150,98,52,19,4,4,14,18,36,16,0.371,0.214,0.788,100,44,91,33,89,13,29,6,28,15,19,26,33,TRUE,FALSE,11,2,"DEN",11
"264","Phoenix","Denver","2015-11-20","L",48,107,38,24,8,4,11,22,24,14,0.456,0.208,0.769,115,114,42,22,7,7,19,26,32,10,0.506,0.556,0.76,128,41,90,40,79,5,24,15,27,20,26,19,25,TRUE,TRUE,11,2,"DEN",11
"265","Phoenix","Golden State","2016-03-12","W",48,123,42,28,6,9,8,25,35,7,0.5,0.333,0.848,153,116,47,29,3,3,12,30,38,9,0.489,0.379,0.75,134,42,84,45,92,11,33,11,29,28,33,15,20,TRUE,FALSE,11,3,"GSW",11
"266","Phoenix","Golden State","2015-12-16","W",48,128,49,32,12,4,17,17,40,9,0.523,0.469,0.778,160,103,41,28,11,4,20,20,34,7,0.451,0.227,0.889,115,46,88,41,91,15,32,5,22,21,27,16,18,TRUE,TRUE,11,3,"GSW",11
"267","Phoenix","Houston","2016-04-07","L",48,115,26,26,13,12,18,24,21,5,0.568,0.424,0.607,131,124,47,31,11,2,19,24,27,20,0.468,0.387,0.828,141,42,74,44,94,14,33,12,31,17,28,24,29,TRUE,FALSE,11,4,"HOU",11
"268","Phoenix","L.A. Clippers","2016-02-22","W",48,124,53,29,9,10,16,20,43,10,0.55,0.542,0.657,161,84,41,20,8,2,16,27,31,10,0.352,0.292,0.75,77,44,80,31,88,13,24,7,24,23,35,15,20,TRUE,FALSE,11,5,"LAC",11
"269","Phoenix","L.A. Clippers","2015-11-02","W",48,102,47,20,4,5,11,18,43,4,0.451,0.296,0.87,119,96,55,23,8,1,9,20,39,16,0.367,0.3,0.714,106,37,82,36,98,8,27,9,30,20,23,15,21,TRUE,TRUE,11,5,"LAC",11
"270","Phoenix","L.A. Lakers","2016-03-18","L",48,90,50,21,4,6,12,21,38,12,0.36,0.261,0.846,100,95,57,19,5,6,11,21,40,17,0.36,0.267,0.885,111,31,86,32,89,6,23,8,30,22,26,23,26,TRUE,FALSE,11,6,"LAL",11
"271","Phoenix","L.A. Lakers","2016-01-03","W",48,97,54,26,8,7,15,16,45,9,0.452,0.364,0.765,127,77,45,16,8,4,14,20,36,9,0.36,0.222,0.778,77,38,84,32,89,8,22,6,27,13,17,7,9,TRUE,TRUE,11,6,"LAL",11
"272","Phoenix","Memphis","2016-03-06","L",48,100,38,17,6,3,10,27,26,12,0.4,0.455,0.788,99,109,47,24,3,3,15,23,37,10,0.521,0.429,0.767,130,32,80,37,71,10,22,12,28,26,33,23,30,TRUE,FALSE,11,7,"MEM",11
"273","Phoenix","Memphis","2015-12-06","W",48,95,46,23,8,5,12,16,31,15,0.4,0.333,0.75,105,93,47,20,8,5,18,24,36,11,0.439,0.29,0.706,104,36,90,36,82,5,15,9,31,18,24,12,17,TRUE,TRUE,11,7,"MEM",11
"274","Phoenix","Minnesota","2016-03-28","W",48,121,41,22,10,3,18,18,30,11,0.506,0.269,0.8,131,116,36,22,9,2,21,34,29,7,0.488,0.455,0.826,117,41,81,41,84,7,26,15,33,32,40,19,23,TRUE,FALSE,11,8,"MIN",11
"275","Phoenix","Minnesota","2016-01-17","W",48,117,41,23,11,7,15,25,33,8,0.565,0.389,0.8,146,87,30,16,5,2,15,29,21,9,0.432,0.2,0.56,68,39,69,35,81,7,18,3,15,32,40,14,25,TRUE,TRUE,11,8,"MIN",11
"276","Phoenix","New Orleans","2016-04-09","L",48,100,42,19,8,2,11,26,29,13,0.411,0.333,0.75,99,121,53,27,6,8,17,25,42,11,0.518,0.4,0.806,152,39,95,43,83,7,21,10,25,15,20,25,31,TRUE,FALSE,11,9,"NOP",11
"277","Phoenix","New Orleans","2015-11-22","W",48,122,49,23,11,6,14,26,39,10,0.459,0.367,0.825,144,116,46,17,6,4,15,29,35,11,0.389,0.472,0.879,115,39,85,35,90,11,30,17,36,33,40,29,33,TRUE,TRUE,11,9,"NOP",11
"278","Phoenix","Oklahoma City","2015-12-31","W",48,110,37,29,12,5,13,14,25,12,0.525,0.333,0.792,137,106,37,24,10,3,16,24,26,11,0.524,0.4,0.923,124,42,80,43,82,7,21,8,20,19,24,12,13,TRUE,TRUE,11,10,"OKC",11
"279","Phoenix","Oklahoma City","2015-11-08","W",48,124,52,26,14,8,15,25,35,17,0.521,0.2,0.733,156,103,33,18,7,1,23,25,26,7,0.452,0.438,0.769,87,49,94,38,84,4,20,7,16,22,30,20,26,TRUE,TRUE,11,10,"OKC",11
"280","Phoenix","Portland","2015-10-31","L",48,90,45,20,7,5,16,20,35,10,0.418,0.267,0.571,93,101,48,16,11,6,13,20,37,11,0.415,0.344,0.75,110,33,79,39,94,8,30,11,32,16,28,12,16,TRUE,TRUE,11,12,"POR",11
"281","Phoenix","Sacramento","2016-03-25","W",48,116,52,28,10,7,12,22,40,12,0.444,0.318,0.744,141,94,57,20,4,2,22,27,39,18,0.372,0.281,0.652,88,40,90,35,94,7,22,9,32,29,39,15,23,TRUE,FALSE,11,13,"SAC",11
"282","Phoenix","Sacramento","2016-01-02","W",48,142,46,30,9,2,14,23,36,10,0.609,0.391,0.794,174,119,25,27,9,7,16,28,21,4,0.518,0.345,0.821,126,53,87,43,83,9,23,10,29,27,34,23,28,TRUE,TRUE,11,13,"SAC",11
"283","Phoenix","San Antonio","2015-12-30","W",48,112,46,26,13,5,13,16,40,6,0.566,0.429,0.606,143,79,36,18,6,3,15,23,28,8,0.395,0.278,0.556,70,43,76,32,81,6,14,5,18,20,33,10,18,TRUE,TRUE,11,14,"SAS",11
"284","Phoenix","San Antonio","2015-11-23","W",48,98,38,21,18,3,20,20,27,11,0.512,0.45,0.5,113,84,37,23,13,3,28,17,28,9,0.466,0.368,0.9,92,42,82,34,73,9,20,7,19,5,10,9,10,TRUE,TRUE,11,14,"SAS",11
"285","Phoenix","Utah","2016-03-17","W",48,103,51,21,14,5,16,18,42,9,0.489,0.458,0.667,130,69,43,14,9,1,21,16,33,10,0.341,0.25,0.5,54,43,88,28,82,11,24,6,24,6,9,7,14,TRUE,FALSE,11,15,"UTA",11
"286","Phoenix","Utah","2015-12-21","W",48,110,47,16,8,6,10,16,36,11,0.456,0.36,0.784,126,89,40,12,3,0,13,26,31,9,0.392,0.292,0.909,81,36,79,31,79,9,25,7,24,29,37,20,22,TRUE,TRUE,11,15,"UTA",11
"287","Portland","Dallas","2016-03-20","W",53,132,50,31,7,8,16,21,42,8,0.551,0.6,0.826,168,120,52,25,9,4,14,22,30,22,0.404,0.391,0.643,124,49,89,42,104,15,25,18,46,19,23,18,28,TRUE,FALSE,12,1,"DAL",12
"288","Portland","Denver","2016-01-03","L",48,106,41,20,7,6,8,25,26,15,0.425,0.318,0.646,109,112,42,23,4,3,10,34,34,8,0.506,0.435,0.688,125,34,80,40,79,7,22,10,23,31,48,22,32,TRUE,TRUE,12,2,"DEN",12
"289","Portland","Denver","2015-11-09","W",48,108,47,20,5,7,14,20,39,8,0.519,0.368,0.656,125,104,39,20,6,3,9,22,29,10,0.396,0.345,0.815,103,40,77,36,91,7,19,10,29,21,32,22,27,TRUE,TRUE,12,2,"DEN",12
"290","Portland","Golden State","2016-04-03","W",48,136,43,30,5,8,12,23,32,11,0.568,0.6,0.818,168,111,37,23,8,4,13,16,26,11,0.447,0.375,0.788,116,50,88,38,85,18,30,9,24,18,22,26,33,TRUE,FALSE,12,3,"GSW",12
"291","Portland","Golden State","2016-03-11","W",48,128,56,23,5,5,8,20,40,16,0.449,0.45,0.769,151,112,39,20,4,4,8,23,32,7,0.43,0.528,0.826,118,40,89,37,86,18,40,19,36,30,39,19,23,TRUE,FALSE,12,3,"GSW",12
"292","Portland","Houston","2016-02-06","L",48,79,43,13,13,4,23,21,31,12,0.325,0.194,0.733,69,96,54,21,15,6,21,21,34,20,0.402,0.314,0.652,111,25,77,35,87,7,36,11,35,22,30,15,23,TRUE,TRUE,12,4,"HOU",12
"293","Portland","Houston","2015-11-18","W",53,108,51,22,11,6,17,20,38,13,0.348,0.318,0.857,116,103,48,18,11,7,19,27,38,10,0.398,0.3,0.828,110,32,92,35,88,14,44,9,30,30,35,24,29,TRUE,TRUE,12,4,"HOU",12
"294","Portland","L.A. Clippers","2016-03-24","W",48,96,47,21,9,5,16,29,36,11,0.451,0.211,0.643,107,94,41,18,10,5,15,25,32,9,0.4,0.25,0.75,97,37,82,32,80,4,19,6,24,18,28,24,32,TRUE,FALSE,12,5,"LAC",12
"295","Portland","L.A. Clippers","2015-11-30","W",48,102,55,26,7,5,10,22,37,18,0.388,0.421,0.5,105,87,54,18,6,2,18,38,41,13,0.379,0.217,0.593,84,33,85,33,87,8,19,5,23,28,56,16,27,TRUE,TRUE,12,5,"LAC",12
"296","Portland","L.A. Lakers","2015-11-22","L",48,93,51,17,2,6,10,12,36,15,0.364,0.333,0.852,99,107,43,27,7,8,10,18,36,7,0.494,0.32,0.765,134,32,88,43,87,6,18,8,25,23,27,13,17,TRUE,TRUE,12,6,"LAL",12
"297","Portland","Memphis","2016-02-08","L",53,106,39,18,5,3,15,24,34,5,0.5,0.368,0.684,107,112,37,22,9,6,13,23,29,8,0.494,0.345,0.7,122,43,86,44,89,7,19,10,29,13,19,14,20,TRUE,TRUE,12,7,"MEM",12
"298","Portland","Memphis","2015-11-13","W",48,101,35,22,10,0,8,21,21,14,0.419,0.375,0.852,106,100,43,17,5,10,22,22,33,10,0.478,0.364,0.897,114,36,86,33,69,6,16,8,22,23,27,26,29,TRUE,TRUE,12,7,"MEM",12
"299","Portland","Minnesota","2015-12-05","L",48,103,45,24,3,4,14,24,32,13,0.458,0.333,0.846,116,109,40,23,7,3,14,21,32,8,0.506,0.5,0.7,121,38,83,39,77,5,15,10,20,22,26,21,30,TRUE,TRUE,12,8,"MIN",12
"300","Portland","Minnesota","2015-11-02","L",48,101,41,22,10,4,15,22,33,8,0.43,0.231,0.769,109,106,46,18,5,6,16,27,35,11,0.461,0.3,0.75,112,34,79,41,89,3,13,9,30,30,39,15,20,TRUE,TRUE,12,8,"MIN",12
"301","Portland","New Orleans","2016-03-18","L",48,112,34,23,7,4,7,26,31,3,0.482,0.476,0.786,124,117,45,17,4,3,12,26,39,6,0.462,0.333,0.9,128,40,83,36,78,10,21,9,27,22,28,36,40,TRUE,FALSE,12,9,"NOP",12
"302","Portland","New Orleans","2015-12-23","W",48,115,49,27,5,8,11,17,41,8,0.482,0.419,0.87,146,89,58,16,7,7,13,22,36,22,0.347,0.25,0.667,94,41,85,33,95,13,31,7,28,20,23,16,24,TRUE,TRUE,12,9,"NOP",12
"303","Portland","Oklahoma City","2016-03-14","W",48,128,52,31,10,6,13,20,42,10,0.59,0.529,0.808,175,94,39,13,4,7,11,19,25,14,0.341,0.259,0.926,84,49,83,31,91,9,17,7,27,21,26,25,27,TRUE,FALSE,12,10,"OKC",12
"304","Portland","Oklahoma City","2015-12-16","W",48,106,51,13,6,8,18,20,37,14,0.481,0.143,0.757,116,90,47,13,6,3,18,28,30,17,0.348,0.423,0.833,78,38,79,32,92,2,14,11,26,28,37,15,18,TRUE,TRUE,12,10,"OKC",12
"305","Portland","Phoenix","2015-12-11","L",48,96,40,21,8,7,9,9,32,8,0.434,0.371,0.611,109,106,51,23,7,3,12,14,37,14,0.469,0.353,0.571,124,36,83,45,96,13,35,12,34,11,18,4,7,TRUE,TRUE,12,11,"PHX",12
"306","Portland","Phoenix","2015-10-30","W",48,110,55,17,13,7,19,17,44,11,0.446,0.222,0.762,127,92,42,17,9,5,23,33,31,11,0.395,0.375,0.789,86,37,83,34,86,4,18,9,24,32,42,15,19,TRUE,TRUE,12,11,"PHX",12
"307","Portland","Sacramento","2016-04-05","L",48,107,34,20,6,7,19,19,31,3,0.526,0.5,0.667,111,115,49,20,12,7,14,19,30,19,0.43,0.387,0.852,132,41,78,40,93,11,22,12,31,14,21,23,27,TRUE,FALSE,12,13,"SAC",12
"308","Portland","Sacramento","2015-12-27","L",48,94,43,22,10,5,22,22,36,7,0.395,0.375,0.806,100,98,52,19,13,5,18,23,38,14,0.413,0.303,0.75,111,30,76,38,92,9,24,10,33,25,31,12,16,TRUE,TRUE,12,13,"SAC",12
"309","Portland","San Antonio","2016-03-17","W",48,118,37,35,8,11,7,24,33,4,0.523,0.5,0.909,159,110,49,23,5,6,13,22,35,14,0.438,0.455,0.733,122,45,86,39,89,8,16,10,22,20,22,22,30,TRUE,FALSE,12,14,"SAS",12
"310","Portland","San Antonio","2015-11-16","W",48,93,47,29,9,11,6,13,35,12,0.427,0.304,0.769,129,80,39,15,4,3,12,18,35,4,0.413,0.368,0.846,83,38,89,31,75,7,23,7,19,10,13,11,13,TRUE,TRUE,12,14,"SAS",12
"311","Portland","Utah","2015-12-31","W",48,109,42,19,7,5,5,18,30,12,0.5,0.455,0.727,131,96,39,19,1,0,10,16,31,8,0.449,0.444,0.714,98,43,86,35,78,15,33,16,36,8,11,10,14,TRUE,TRUE,12,15,"UTA",12
"312","Portland","Utah","2015-11-04","L",48,92,40,9,12,8,9,22,24,16,0.375,0.208,0.636,85,108,48,11,5,7,19,25,35,13,0.532,0.44,0.469,107,33,88,41,77,5,24,11,25,21,33,15,32,TRUE,TRUE,12,15,"UTA",12
"313","Sacramento","Dallas","2016-03-03","L",48,101,47,25,5,3,15,25,34,13,0.479,0.241,0.667,115,104,43,23,8,4,13,14,34,9,0.525,0.28,0.542,120,45,94,42,80,7,29,7,25,4,6,13,24,TRUE,FALSE,13,1,"DAL",13
"314","Sacramento","Dallas","2016-01-05","W",58,117,55,22,13,2,17,18,42,13,0.459,0.414,0.652,131,116,49,27,16,1,19,21,40,9,0.475,0.375,0.714,134,45,98,47,99,12,29,12,32,15,23,10,14,TRUE,TRUE,13,1,"DAL",13
"315","Sacramento","Denver","2016-04-02","L",48,106,50,27,3,10,10,22,35,15,0.435,0.31,0.708,127,115,48,27,4,5,7,20,37,11,0.466,0.381,0.806,139,40,92,41,88,9,29,8,21,17,24,25,31,TRUE,FALSE,13,2,"DEN",13
"316","Sacramento","Denver","2016-02-23","L",48,110,44,27,10,3,12,25,32,12,0.41,0.37,0.818,119,114,50,28,9,12,16,18,44,6,0.518,0.412,0.75,150,41,100,43,83,10,27,7,17,18,22,21,28,TRUE,FALSE,13,2,"DEN",13
"317","Sacramento","Golden State","2015-12-28","W",48,122,59,33,12,8,18,25,46,13,0.483,0.476,0.667,162,103,48,23,10,4,14,21,35,13,0.389,0.419,0.571,104,43,89,37,95,20,42,13,31,16,24,16,28,TRUE,TRUE,13,3,"GSW",13
"318","Sacramento","Golden State","2015-11-28","W",48,120,48,32,8,7,14,19,35,13,0.487,0.533,0.839,155,101,48,22,9,7,14,24,29,19,0.39,0.4,0.867,110,39,80,39,100,16,30,10,25,26,31,13,15,TRUE,TRUE,13,3,"GSW",13
"319","Sacramento","Houston","2016-04-13","W",48,116,55,33,11,7,14,15,41,14,0.485,0.286,0.632,151,81,49,21,11,4,17,17,34,15,0.333,0.297,0.462,78,47,97,32,96,10,35,11,37,12,19,6,13,TRUE,FALSE,13,4,"HOU",13
"320","Sacramento","Houston","2015-12-05","W",48,120,43,25,9,5,17,18,30,13,0.462,0.471,0.744,132,113,47,35,12,7,13,27,34,13,0.469,0.385,0.846,147,36,78,46,98,16,34,10,26,32,43,11,13,TRUE,TRUE,13,4,"HOU",13
"321","Sacramento","L.A. Clippers","2016-01-16","L",48,103,46,24,6,4,11,24,32,14,0.396,0.333,0.737,109,110,52,28,5,8,17,19,43,9,0.474,0.52,0.758,138,38,96,36,76,13,39,13,25,14,19,25,33,TRUE,TRUE,13,5,"LAC",13
"322","Sacramento","L.A. Clippers","2015-10-31","W",48,114,41,25,4,9,17,22,35,6,0.513,0.235,0.696,125,109,49,20,9,2,13,34,30,19,0.426,0.333,0.68,110,39,76,43,101,4,17,6,18,32,46,17,25,TRUE,TRUE,13,5,"LAC",13
"323","Sacramento","L.A. Lakers","2016-03-15","L",48,98,49,20,10,5,22,23,39,10,0.44,0.192,0.731,106,106,41,26,17,8,16,17,36,5,0.481,0.222,0.788,134,37,84,38,79,5,26,4,18,19,26,26,33,TRUE,FALSE,13,6,"LAL",13
"324","Sacramento","L.A. Lakers","2016-01-20","L",48,93,41,17,6,5,9,22,29,12,0.356,0.16,0.806,89,112,59,28,6,12,14,23,44,15,0.483,0.3,0.714,149,32,90,43,89,4,25,6,20,25,31,20,28,TRUE,TRUE,13,6,"LAL",13
"325","Sacramento","Memphis","2016-03-02","W",48,104,37,20,13,4,19,23,23,14,0.443,0.278,0.879,111,98,44,31,7,3,24,29,28,16,0.476,0.346,0.55,107,35,79,39,82,5,18,9,26,29,33,11,20,TRUE,FALSE,13,7,"MEM",13
"326","Sacramento","Memphis","2016-01-30","W",48,121,32,23,15,9,13,26,30,2,0.519,0.444,0.838,143,117,51,16,10,3,19,27,33,18,0.413,0.375,0.842,118,41,79,38,92,8,18,9,24,31,37,32,38,TRUE,TRUE,13,7,"MEM",13
"327","Sacramento","Minnesota","2016-03-23","W",48,113,43,29,8,6,17,18,34,9,0.562,0.385,0.562,133,104,40,23,6,4,17,25,26,14,0.462,0.4,0.522,100,45,80,42,91,5,13,8,20,18,32,12,23,TRUE,FALSE,13,8,"MIN",13
"328","Sacramento","Minnesota","2015-12-18","W",48,99,49,25,2,6,18,19,35,14,0.476,0.333,0.938,119,95,31,22,10,2,12,19,23,8,0.469,0.304,0.706,100,39,82,38,81,6,18,7,23,15,16,12,17,TRUE,TRUE,13,8,"MIN",13
"329","Sacramento","New Orleans","2016-03-07","W",48,115,43,23,17,6,17,21,33,10,0.479,0.28,0.692,130,112,44,27,12,1,22,25,38,6,0.494,0.28,0.852,128,45,94,41,83,7,25,7,25,18,26,23,27,TRUE,FALSE,13,9,"NOP",13
"330","Sacramento","New Orleans","2016-01-28","W",48,114,47,25,9,6,14,20,35,12,0.439,0.385,0.75,126,105,40,29,6,8,13,20,36,4,0.449,0.357,0.75,121,43,98,40,89,10,26,10,28,18,24,15,20,TRUE,TRUE,13,9,"NOP",13
"331","Sacramento","Oklahoma City","2016-01-04","L",48,104,39,23,7,9,15,27,28,11,0.438,0.345,0.696,110,116,48,26,7,8,15,14,35,13,0.449,0.412,0.744,131,39,89,40,89,10,29,7,17,16,23,29,39,TRUE,TRUE,13,10,"OKC",13
"332","Sacramento","Oklahoma City","2015-12-06","W",48,98,62,18,8,6,21,22,43,19,0.407,0.273,0.71,111,95,41,20,11,5,14,20,28,13,0.398,0.292,0.6,93,35,86,35,88,6,22,7,24,22,31,18,30,TRUE,TRUE,13,10,"OKC",13
"333","Sacramento","Phoenix","2016-04-11","L",48,101,51,21,8,3,19,25,34,17,0.41,0.227,0.824,103,105,40,25,11,12,18,19,36,4,0.494,0.353,0.607,122,41,100,41,83,5,22,6,17,14,17,17,28,TRUE,FALSE,13,11,"PHX",13
"334","Sacramento","Phoenix","2015-11-04","W",48,118,41,27,14,4,18,11,32,9,0.542,0.609,0.636,140,97,33,25,9,4,17,22,26,7,0.476,0.458,0.5,101,45,83,40,84,14,23,11,24,14,22,6,12,TRUE,TRUE,13,11,"PHX",13
"335","Sacramento","Portland","2016-03-28","W",48,105,42,25,6,10,19,23,37,5,0.475,0.483,0.833,124,93,43,20,11,2,14,20,32,11,0.416,0.467,0.632,96,38,80,37,89,14,29,7,15,15,18,12,19,TRUE,FALSE,13,12,"POR",13
"336","Sacramento","Portland","2016-01-26","W",48,112,48,28,6,7,12,23,38,10,0.489,0.3,0.789,139,97,45,26,7,5,13,18,35,10,0.419,0.368,0.562,103,44,90,36,86,9,30,7,19,15,19,18,32,TRUE,TRUE,13,12,"POR",13
"337","Sacramento","San Antonio","2016-03-05","W",48,104,46,31,6,5,21,21,35,11,0.494,0.348,0.842,127,94,33,21,13,4,19,19,26,7,0.457,0.375,0.667,95,40,81,37,81,8,23,6,16,16,19,14,21,TRUE,FALSE,13,14,"SAS",13
"338","Sacramento","Utah","2016-01-14","L",48,101,38,12,8,3,13,26,28,10,0.422,0.176,0.735,92,103,54,19,12,2,15,29,40,14,0.459,0.455,0.714,123,35,83,34,74,6,34,5,11,25,34,30,42,TRUE,TRUE,13,15,"UTA",13
"339","San Antonio","Dallas","2016-04-13","L",48,91,41,20,8,2,12,23,30,11,0.403,0.308,0.81,100,96,42,24,8,3,14,19,34,8,0.473,0.261,0.769,114,31,77,35,74,12,39,6,23,17,21,20,26,TRUE,FALSE,14,1,"DAL",14
"340","San Antonio","Dallas","2016-02-05","L",48,90,36,17,7,2,15,23,31,5,0.452,0.2,0.778,91,116,42,19,6,4,13,23,34,8,0.512,0.545,0.88,132,33,73,41,80,3,15,12,22,21,27,22,25,TRUE,TRUE,14,1,"DAL",14
"341","San Antonio","Denver","2016-04-08","W",48,102,47,21,9,7,11,23,39,8,0.465,0.273,0.842,126,98,45,20,6,8,10,12,37,8,0.424,0.214,0.821,113,40,86,36,85,6,22,3,14,16,19,23,28,TRUE,FALSE,14,2,"DEN",14
"342","San Antonio","Denver","2015-11-27","L",48,80,37,17,8,2,18,19,29,8,0.403,0.35,0.846,78,91,42,22,11,7,18,17,37,5,0.48,0.364,0.786,113,31,77,36,75,7,20,8,22,11,13,11,14,TRUE,TRUE,14,2,"DEN",14
"343","San Antonio","Golden State","2016-04-07","W",48,112,43,33,8,2,15,22,36,7,0.542,0.48,0.909,144,101,32,28,10,2,12,11,27,5,0.487,0.438,0.696,113,45,83,39,80,12,25,7,16,10,11,16,23,TRUE,FALSE,14,3,"GSW",14
"344","San Antonio","Golden State","2016-01-25","W",48,120,45,31,15,3,21,25,35,10,0.518,0.423,0.84,148,90,38,21,11,4,25,21,29,9,0.419,0.357,0.742,88,44,85,31,74,11,26,5,14,21,25,23,31,TRUE,TRUE,14,3,"GSW",14
"345","San Antonio","Houston","2016-02-27","L",48,94,39,19,5,4,14,27,30,9,0.417,0.32,0.727,92,104,43,24,4,4,13,21,36,7,0.487,0.421,0.786,121,35,84,37,76,8,25,8,19,16,22,22,28,TRUE,FALSE,14,4,"HOU",14
"346","San Antonio","Houston","2015-12-25","W",48,88,42,23,8,2,17,17,34,8,0.432,0.467,0.654,95,84,47,24,11,4,15,20,33,14,0.409,0.263,0.875,102,32,74,36,88,7,15,5,19,17,26,7,8,TRUE,TRUE,14,4,"HOU",14
"347","San Antonio","L.A. Clippers","2016-02-18","W",48,105,45,23,8,7,18,20,37,8,0.5,0.48,0.75,126,86,33,19,11,2,15,16,28,5,0.422,0.235,0.8,85,39,78,35,83,12,25,4,17,15,20,12,15,TRUE,FALSE,14,5,"LAC",14
"348","San Antonio","L.A. Lakers","2016-02-19","L",48,113,36,20,5,4,15,17,24,12,0.494,0.455,0.885,119,119,39,30,6,9,10,20,26,13,0.545,0.5,0.944,152,40,81,48,88,10,22,6,12,23,26,17,18,TRUE,FALSE,14,6,"LAL",14
"349","San Antonio","L.A. Lakers","2016-01-22","L",48,95,45,19,3,5,11,12,33,12,0.452,0.375,0.722,105,108,35,26,10,13,6,14,28,7,0.506,0.524,0.846,142,38,84,43,85,6,16,11,21,13,18,11,13,TRUE,TRUE,14,6,"LAL",14
"350","San Antonio","Memphis","2016-03-28","L",48,87,39,19,8,4,14,22,26,13,0.398,0.316,0.625,84,101,43,23,9,7,14,21,33,10,0.514,0.333,0.733,126,33,83,37,72,6,19,5,15,15,24,22,30,TRUE,FALSE,14,7,"MEM",14
"351","San Antonio","Memphis","2015-12-03","L",48,83,37,19,6,6,11,17,28,9,0.375,0.125,0.84,86,103,48,27,8,8,15,21,38,10,0.5,0.556,0.722,134,30,80,40,80,2,16,10,18,21,25,13,18,TRUE,TRUE,14,7,"MEM",14
"352","San Antonio","Minnesota","2016-03-08","L",48,91,35,18,5,2,15,17,28,7,0.456,0.267,0.789,89,116,46,28,13,7,9,16,37,9,0.553,0.211,0.947,162,36,79,47,85,4,15,4,19,15,19,18,19,TRUE,FALSE,14,8,"MIN",14
"353","San Antonio","Minnesota","2015-12-23","L",48,83,31,19,5,2,13,17,23,8,0.417,0.3,0.8,80,108,47,24,7,9,15,14,33,14,0.537,0.417,0.714,138,30,72,44,82,3,10,10,24,20,25,10,14,TRUE,TRUE,14,8,"MIN",14
"354","San Antonio","New Orleans","2016-03-03","L",48,86,41,23,6,4,11,13,34,7,0.393,0.333,1,95,94,49,27,8,10,11,11,44,5,0.444,0.381,0.933,131,35,89,36,81,8,24,8,21,8,8,14,15,TRUE,FALSE,14,9,"NOP",14
"355","San Antonio","New Orleans","2015-11-20","W",48,104,53,26,3,3,9,17,46,7,0.455,0.364,0.941,131,90,43,22,5,8,8,17,38,5,0.405,0.529,0.812,107,40,88,34,84,8,22,9,17,16,17,13,16,TRUE,TRUE,14,9,"NOP",14
"356","San Antonio","Oklahoma City","2016-03-26","W",48,111,47,19,6,5,17,18,34,13,0.518,0.35,0.889,128,92,34,14,8,3,12,17,21,13,0.43,0.267,0.824,87,44,85,37,86,7,20,4,15,16,18,14,17,TRUE,FALSE,14,10,"OKC",14
"357","San Antonio","Oklahoma City","2015-10-28","W",48,112,45,21,7,4,19,19,34,11,0.488,0.368,0.955,125,106,36,22,11,9,13,18,29,7,0.484,0.333,0.846,121,42,86,45,93,7,19,5,15,21,22,11,13,TRUE,TRUE,14,10,"OKC",14
"358","San Antonio","Phoenix","2016-02-21","L",48,111,46,26,6,5,13,30,33,13,0.462,0.36,0.727,125,118,42,23,10,9,12,20,34,8,0.524,0.625,0.647,139,43,93,43,82,9,25,10,16,16,22,22,34,TRUE,FALSE,14,11,"PHX",14
"359","San Antonio","Phoenix","2016-01-21","L",48,89,43,18,3,4,13,26,34,9,0.395,0.333,0.826,91,117,43,24,8,6,8,21,33,10,0.488,0.643,0.857,142,32,81,42,86,6,18,9,14,19,23,24,28,TRUE,TRUE,14,11,"PHX",14
"360","San Antonio","Portland","2015-11-11","L",48,101,36,26,6,3,9,15,26,10,0.443,0.409,0.609,105,113,42,27,4,4,11,21,34,8,0.561,0.467,0.778,139,39,88,46,82,9,22,7,15,14,23,14,18,TRUE,TRUE,14,12,"POR",14
"361","San Antonio","Sacramento","2016-02-24","L",48,92,44,27,13,1,14,14,34,10,0.406,0.333,0.533,99,108,50,26,13,8,16,16,44,6,0.518,0.421,0.8,145,39,96,44,85,6,18,8,19,8,15,12,15,TRUE,FALSE,14,13,"SAC",14
"362","San Antonio","Sacramento","2015-11-09","L",48,88,42,25,10,5,19,14,31,11,0.405,0.368,0.684,95,106,46,34,11,7,16,19,38,8,0.529,0.261,0.727,144,34,84,46,87,7,19,6,23,13,19,8,11,TRUE,TRUE,14,13,"SAC",14
"363","San Antonio","Utah","2016-04-05","L",48,86,40,13,5,4,16,18,35,5,0.471,0.294,0.81,92,88,32,16,10,4,8,16,28,4,0.444,0.412,0.895,100,32,68,32,72,5,17,7,17,17,21,17,19,TRUE,FALSE,14,15,"UTA",14
"364","San Antonio","Utah","2016-02-25","L",48,78,31,15,6,2,11,10,27,4,0.429,0.176,0.75,74,96,43,17,5,5,11,16,34,9,0.481,0.5,0.917,113,33,77,38,79,3,17,9,18,9,12,11,12,TRUE,FALSE,14,15,"UTA",14
"365","Utah","Dallas","2016-02-09","L",53,119,36,24,5,1,11,21,30,6,0.48,0.379,0.878,130,121,44,23,3,2,10,25,31,13,0.522,0.231,0.704,131,36,75,48,92,11,29,6,26,36,41,19,27,TRUE,TRUE,15,1,"DAL",15
"366","Utah","Dallas","2015-11-20","W",48,102,34,24,10,5,8,19,26,8,0.47,0.286,0.941,122,93,48,14,4,2,17,24,30,18,0.438,0.3,0.81,95,39,83,35,80,8,28,6,20,16,17,17,21,TRUE,TRUE,15,1,"DAL",15
"367","Utah","Denver","2016-04-10","L",48,84,41,18,6,7,11,19,35,6,0.4,0.222,0.737,92,100,49,19,7,8,9,14,38,11,0.456,0.387,0.762,126,32,80,36,79,6,27,12,31,14,19,16,21,TRUE,FALSE,15,2,"DEN",15
"368","Utah","Denver","2015-11-05","L",48,84,45,16,4,6,13,14,34,11,0.389,0.25,0.676,87,96,43,23,6,6,10,26,31,12,0.435,0.458,0.647,110,28,72,37,85,5,20,11,24,23,34,11,17,TRUE,TRUE,15,2,"DEN",15
"369","Utah","Golden State","2016-03-09","W",48,115,39,36,10,7,15,23,30,9,0.571,0.433,0.6,152,94,42,21,9,3,18,16,28,14,0.405,0.4,0.71,95,48,84,32,79,13,30,8,20,6,10,22,31,TRUE,FALSE,15,3,"GSW",15
"370","Utah","Golden State","2015-12-23","W",48,103,40,26,10,9,15,11,31,9,0.47,0.391,1,129,85,40,14,9,3,19,18,28,12,0.412,0.35,0.857,83,39,83,33,80,9,23,7,20,16,16,12,14,TRUE,TRUE,15,3,"GSW",15
"371","Utah","Houston","2016-03-23","L",48,87,32,22,13,9,14,21,28,4,0.446,0.391,0.545,98,89,48,22,8,5,22,19,35,13,0.403,0.379,0.8,100,33,74,31,77,9,23,11,29,12,22,16,20,TRUE,FALSE,15,4,"HOU",15
"372","Utah","Houston","2016-01-07","W",48,103,41,15,11,3,16,16,30,11,0.52,0.304,0.692,113,94,35,25,9,5,19,17,25,10,0.487,0.25,0.647,103,39,75,38,78,7,23,7,28,18,26,11,17,TRUE,TRUE,15,4,"HOU",15
"373","Utah","L.A. Clippers","2015-11-25","L",48,91,35,18,11,7,19,22,24,11,0.507,0.333,0.647,100,102,39,19,12,4,16,20,28,11,0.506,0.462,0.72,115,38,75,39,77,4,12,6,13,11,17,18,25,TRUE,TRUE,15,5,"LAC",15
"374","Utah","L.A. Lakers","2016-04-13","W",48,101,47,19,6,3,13,17,39,8,0.482,0.24,0.867,117,96,38,27,10,1,13,16,30,8,0.47,0.3,0.6,109,41,85,39,83,6,25,9,30,13,15,9,15,TRUE,FALSE,15,6,"LAL",15
"375","Utah","L.A. Lakers","2016-01-10","L",48,74,41,15,9,4,11,22,25,16,0.326,0.143,0.867,70,86,45,16,8,8,14,18,39,6,0.449,0.312,0.76,105,29,89,31,69,3,21,5,16,13,15,19,25,TRUE,TRUE,15,6,"LAL",15
"376","Utah","Memphis","2016-03-04","W",48,94,42,14,8,5,11,22,33,9,0.457,0.222,0.842,105,88,45,21,6,5,17,18,33,12,0.427,0.263,0.655,95,37,81,32,75,4,18,5,19,16,19,19,29,TRUE,FALSE,15,7,"MEM",15
"377","Utah","Minnesota","2016-03-26","L",48,84,41,18,9,4,10,13,32,9,0.381,0.364,0.842,91,93,45,21,5,8,12,16,38,7,0.47,0.429,0.857,115,32,84,39,83,4,11,9,21,16,19,6,7,TRUE,FALSE,15,8,"MIN",15
"378","Utah","Minnesota","2015-12-30","W",48,94,47,27,13,3,10,16,34,13,0.468,0.5,0.63,123,80,44,15,8,8,19,24,29,15,0.35,0.256,0.7,78,36,77,28,80,5,10,10,39,17,27,14,20,TRUE,TRUE,15,8,"MIN",15
"379","Utah","New Orleans","2016-03-05","L",48,94,32,25,6,5,8,27,26,6,0.413,0.474,0.818,98,106,53,23,4,10,14,17,43,10,0.474,0.3,0.963,140,38,92,37,78,9,19,6,20,9,11,26,27,TRUE,FALSE,15,9,"NOP",15
"380","Utah","New Orleans","2016-02-10","W",48,100,40,23,9,3,9,21,31,9,0.476,0.421,0.667,116,96,44,19,6,3,17,21,36,8,0.471,0.333,0.767,107,39,82,33,70,8,19,7,21,14,21,23,30,TRUE,TRUE,15,9,"NOP",15
"381","Utah","Oklahoma City","2016-03-24","W",48,113,39,27,13,4,14,16,29,10,0.542,0.409,0.636,136,91,36,18,8,3,18,22,27,9,0.479,0.227,0.696,93,45,83,35,73,9,22,5,22,14,22,16,23,TRUE,FALSE,15,10,"OKC",15
"382","Utah","Oklahoma City","2015-12-13","W",53,104,42,18,7,13,10,18,34,8,0.443,0.333,0.9,127,98,44,14,6,2,11,24,28,16,0.415,0.364,0.6,90,35,79,39,94,7,21,8,22,27,30,12,20,TRUE,TRUE,15,10,"OKC",15
"383","Utah","Phoenix","2016-04-03","L",48,86,45,16,5,1,21,19,33,12,0.423,0.296,0.632,80,101,33,27,9,10,10,20,29,4,0.481,0.37,0.765,124,33,78,39,81,8,27,10,27,12,19,13,17,TRUE,FALSE,15,11,"PHX",15
"384","Utah","Phoenix","2016-02-06","L",48,89,39,19,3,6,10,23,27,12,0.375,0.375,0.769,90,98,44,14,7,7,9,26,34,10,0.436,0.312,0.806,111,30,80,34,78,9,24,5,16,20,26,25,31,TRUE,TRUE,15,11,"PHX",15
"385","Utah","Portland","2016-02-21","W",48,115,48,20,7,6,12,21,25,23,0.433,0.375,0.658,120,111,38,19,6,10,11,26,26,12,0.5,0.5,0.739,124,39,90,43,86,12,32,8,16,25,38,17,23,TRUE,FALSE,15,12,"POR",15
"386","Utah","Portland","2016-01-13","W",48,99,54,25,7,10,13,20,37,17,0.443,0.423,0.667,128,85,38,20,8,6,14,15,28,10,0.408,0.421,0.682,91,39,88,31,76,11,26,8,19,10,15,15,22,TRUE,TRUE,15,12,"POR",15
"387","Utah","Sacramento","2016-03-13","L",48,99,36,25,8,5,10,20,28,8,0.469,0.429,0.667,113,108,47,26,8,3,16,22,36,11,0.476,0.429,0.818,129,38,81,39,82,9,21,12,28,14,21,18,22,TRUE,FALSE,15,13,"SAC",15
"388","Utah","Sacramento","2015-12-08","W",48,114,40,29,6,2,15,18,31,9,0.558,0.357,0.75,136,106,44,23,7,0,12,22,25,19,0.413,0.417,0.682,107,43,77,38,92,10,28,15,36,18,24,15,22,TRUE,TRUE,15,13,"SAC",15
"389","Utah","San Antonio","2016-01-06","W",48,123,38,34,10,2,13,21,30,8,0.605,0.429,0.769,157,98,34,21,8,3,18,17,24,10,0.468,0.389,0.944,103,52,86,37,79,9,21,7,18,10,13,17,18,TRUE,TRUE,15,14,"SAS",15
"390","Utah","San Antonio","2015-12-14","W",48,118,48,24,6,2,11,17,39,9,0.56,0.429,0.926,152,81,32,18,8,3,11,23,25,7,0.405,0.273,0.824,81,42,75,32,79,9,21,3,11,25,27,14,17,TRUE,TRUE,15,14,"SAS",15
